1,131,82.5
1,135,65.4
1,136,65.3
1,137,69.8
1,138,80.0
4,131,98.5
4,132,51.5
4,133,52.2
4,134,52.9
4,135,75.9
4,137,64.5
4,138,80.7
4,139,97.6
4,130,68.2
5,132,68.3
5,133,80.1
5,134,49.2
5,135,63.1
5,136,56.1
5,137,76.4
5,138,66.4
5,130,100.0
28,131,73.7
28,132,56.9
28,134,56.9
28,135,56.1
28,136,52.3
28,137,63.5
28,138,52.8
28,139,89.6
28,130,100.0
57,132,71.1
57,134,86.8
57,135,83.2
57,138,82.0
57,139,64.3
57,130,55.2
62,131,58.4
62,133,65.7
62,134,50.4
62,135,68.7
62,136,74.5
62,137,74.7
62,138,72.4
62,139,93.7
62,130,57.1
65,132,47.5
65,133,56.3
65,134,41.2
65,135,67.2
65,136,55.5
65,138,28.5
74,132,94.2
74,136,74.3
74,137,77.9
74,138,80.9
119,131,82.5
119,132,76.1
119,133,75.4
119,134,69.8
119,135,66.9
119,138,76.2
119,139,76.0
119,130,56.3
120,131,78.4
120,133,83.0
120,136,48.7
120,138,82.1
120,139,73.7
121,131,45.2
121,132,60.2
121,133,62.0
121,134,43.5
121,136,56.3
121,137,74.7
121,139,70.9
136,133,68.4
136,134,85.8
136,136,60.2
136,137,65.1
136,138,61.8
136,139,70.8
162,132,69.3
162,133,76.4
162,134,48.5
162,135,73.2
162,137,94.6
162,138,51.2
162,139,50.3
162,130,73.1
167,131,37.3
167,132,71.2
167,133,90.3
167,135,47.6
167,136,54.9
167,139,63.5
175,132,52.1
175,134,51.7
175,136,77.8
175,139,45.0
178,131,65.8
178,133,96.8
178,134,81.4
178,139,64.4
188,132,67.6
188,133,95.6
188,134,78.7
188,136,58.6
188,139,59.0
188,130,100.0
189,133,33.7
189,134,69.1
189,138,42.1
189,130,56.6
213,131,55.0
213,132,82.9
213,133,76.0
213,134,71.6
213,135,77.8
213,136,61.1
213,138,65.3
213,139,63.9
213,130,74.6
231,131,80.0
231,133,72.9
231,135,75.5
231,136,76.9
231,137,57.4
231,139,36.8
231,130,49.1
251,131,83.4
251,132,68.8
251,133,56.3
251,134,44.2
251,136,73.1
251,137,78.1
251,138,85.9
251,139,63.9
251,130,76.8
269,132,76.4
269,136,69.6
269,139,70.6
275,131,90.4
275,132,45.4
275,133,82.1
275,134,94.2
275,136,54.7
275,137,54.6
275,138,74.2
275,139,47.8
275,130,77.8
288,132,72.3
288,134,76.2
288,136,90.6
288,137,82.7
288,138,91.5
288,139,91.3
288,130,71.8
294,131,88.3
294,132,80.6
294,133,72.6
294,134,70.4
294,135,80.3
294,136,69.6
294,137,63.8
294,130,74.9
300,131,88.0
300,133,57.0
300,136,30.3
303,131,70.2
303,132,94.4
303,133,75.9
303,134,62.4
303,136,91.5
303,137,90.6
303,138,84.2
303,130,49.3
321,131,58.4
321,132,79.0
321,134,55.5
321,137,58.0
321,138,69.6
323,131,77.2
323,132,71.9
323,133,80.8
323,135,82.3
323,136,55.7
323,137,87.0
323,138,58.6
323,130,53.4
355,131,96.4
355,132,64.3
355,133,88.0
355,134,77.6
355,135,54.3
355,136,72.8
355,138,96.1
355,139,67.2
355,130,88.1
358,132,52.4
358,133,65.8
358,134,80.2
358,135,55.3
358,136,54.3
358,137,95.8
358,138,77.4
358,139,49.1
358,130,60.3
366,131,64.2
366,132,100.0
366,133,72.4
366,136,87.2
366,137,78.9
373,133,64.1
373,135,95.8
373,136,50.0
373,137,87.1
373,138,63.6
373,130,78.3
377,133,73.3
377,135,75.2
377,136,68.5
377,137,100.0
377,139,48.3
377,130,51.7
383,131,72.5
383,132,55.7
383,133,67.9
383,134,58.8
383,135,58.5
383,136,51.1
383,137,48.5
383,138,84.7
398,133,99.6
398,134,93.3
398,135,44.1
398,136,71.9
398,137,72.3
398,138,76.1
398,130,72.0
401,131,82.5
401,132,67.6
401,133,64.5
401,134,75.8
401,135,75.7
401,136,58.2
401,138,80.0
401,139,96.0
401,130,58.0
406,131,96.8
406,133,92.6
406,134,52.8
406,135,42.3
406,136,71.9
406,137,83.4
406,138,54.2
406,139,83.5
406,130,56.1
408,131,86.6
408,132,99.8
408,133,90.0
408,135,67.2
408,136,63.7
408,137,100.0
408,138,88.0
408,139,76.9
408,130,77.5
412,132,55.6
412,134,78.6
412,135,55.7
412,136,84.5
412,137,79.1
412,139,90.6
423,132,58.2
423,134,54.7
423,137,100.0
423,138,50.5
423,139,62.0
425,131,56.1
425,132,76.4
425,134,83.5
425,135,68.0
425,137,40.9
425,138,66.1
425,139,92.8
425,130,39.7
440,134,62.5
440,135,77.3
440,136,81.3
440,137,68.9
440,138,60.2
440,130,60.3
442,132,91.1
442,133,68.4
442,134,77.6
442,135,63.7
442,136,21.2
442,137,69.8
442,138,74.0
442,139,76.7
446,132,70.2
446,133,58.8
446,134,72.4
446,135,80.9
446,136,61.2
446,137,91.7
446,138,62.7
446,139,65.6
451,131,63.5
451,132,59.0
451,134,67.6
451,138,58.6
451,130,96.7
465,132,70.1
465,135,62.0
465,136,94.9
465,138,69.6
467,131,69.1
467,132,68.3
467,133,78.9
467,134,55.6
467,135,51.3
467,136,61.0
467,139,64.9
487,131,80.3
487,132,36.0
487,133,58.4
487,134,52.3
487,136,84.2
487,137,76.4
487,138,61.0
487,139,66.5
487,130,74.7
494,131,62.2
494,132,62.3
494,133,76.5
494,134,88.1
494,135,82.7
494,136,66.8
494,137,81.7
494,139,97.3
497,131,66.2
497,132,34.8
497,133,60.9
497,134,87.0
497,136,86.8
497,137,57.0
497,138,46.1
497,139,82.9
498,131,70.3
498,132,60.6
498,135,44.2
498,136,54.6
498,138,47.1
498,139,86.3
498,130,72.4
513,131,70.8
513,132,70.5
513,133,76.7
513,135,90.5
513,137,69.6
513,138,68.2
513,130,58.8
523,131,83.5
523,132,50.8
523,133,90.5
523,134,77.5
523,135,100.0
523,136,72.9
523,138,72.2
523,139,62.4
523,130,83.5
524,132,74.9
524,133,67.0
524,134,58.3
524,135,94.7
524,136,84.7
524,139,83.0
534,131,47.3
534,132,65.7
534,133,67.2
534,136,70.5
534,137,78.5
534,138,78.5
534,139,70.8
534,130,82.1
536,131,61.0
536,133,58.4
536,134,87.2
536,135,84.7
536,136,67.6
536,138,91.4
536,139,68.8
536,130,86.1
547,133,79.2
547,134,64.2
547,135,98.3
547,136,98.8
547,138,100.0
547,139,87.8
547,130,85.5
550,131,63.4
550,132,54.0
550,133,74.5
550,134,17.4
550,135,75.1
550,136,63.5
550,137,32.9
550,138,90.8
550,139,64.7
550,130,31.1
569,132,52.2
569,134,64.7
569,135,49.3
569,136,71.3
569,137,38.3
569,138,100.0
569,139,69.8
569,130,75.6
576,132,100.0
576,134,85.9
576,135,69.5
576,136,40.6
576,137,67.6
576,138,56.8
576,139,71.4
584,131,62.4
584,132,58.4
584,133,41.2
584,134,81.4
584,135,58.6
584,136,56.1
584,137,66.6
584,138,78.4
584,139,70.9
586,131,69.2
586,133,77.3
586,134,52.8
586,135,64.1
586,136,78.9
586,138,81.8
586,139,62.0
586,130,82.1
590,131,47.4
590,132,58.0
590,135,64.7
590,136,44.8
590,137,89.1
590,138,75.3
590,139,84.2
590,130,64.1
595,133,88.0
595,134,50.7
595,135,67.7
595,138,67.2
595,139,66.7
595,130,86.8
609,132,88.0
609,133,82.1
609,135,70.2
609,136,58.5
609,137,94.2
609,130,94.2
622,131,82.8
622,132,59.1
622,133,57.7
622,134,68.3
622,136,73.7
622,137,27.7
622,138,71.3
622,139,76.9
622,130,76.5
623,136,59.8
623,137,62.7
623,138,65.3
623,139,92.5
623,130,69.9
628,132,92.4
628,134,72.1
628,135,87.0
628,137,67.1
628,138,67.2
628,139,87.7
634,131,93.5
634,132,78.1
634,133,92.0
634,135,80.0
634,136,78.8
634,138,83.1
634,139,61.1
634,130,59.7
644,131,83.5
644,132,60.4
644,133,59.1
644,134,86.0
644,137,98.7
644,138,84.1
644,139,89.2
645,131,79.5
645,133,74.9
645,134,85.3
645,135,82.1
645,136,85.0
645,137,49.1
645,138,41.6
645,139,77.3
645,130,100.0
646,131,53.4
646,133,68.9
646,134,98.7
646,135,65.5
646,138,49.8
646,139,51.1
646,130,85.9
653,131,60.9
653,132,71.5
653,133,60.3
653,135,75.3
653,137,70.1
653,138,65.0
653,139,71.8
668,131,79.7
668,132,27.0
668,133,90.2
668,135,46.5
668,136,46.0
668,137,59.4
668,138,86.1
668,139,95.9
668,130,66.2
671,131,37.8
671,132,64.4
671,133,75.9
671,134,100.0
671,136,47.8
671,137,61.4
671,138,67.4
671,139,65.6
679,131,46.4
679,137,91.8
679,138,89.6
679,139,47.8
679,130,59.5
681,131,55.6
681,132,66.0
681,133,65.1
681,134,67.9
681,136,49.3
681,137,63.5
681,139,84.2
681,130,54.2
683,131,71.8
683,132,100.0
683,133,83.1
683,134,63.4
683,135,69.1
683,137,66.3
683,138,61.7
691,131,67.5
691,135,72.8
691,136,66.6
691,137,74.7
691,130,79.8
696,131,70.0
696,132,71.0
696,134,56.2
696,137,66.1
696,139,79.7
696,130,84.0
698,131,75.5
698,134,58.8
698,136,86.9
698,138,68.7
698,130,49.5
706,131,85.0
706,132,62.2
706,133,70.6
706,134,56.5
706,135,82.8
706,137,99.1
706,138,64.3
706,130,61.8
721,132,86.1
721,133,69.9
721,135,73.4
721,137,56.9
721,138,79.6
721,139,42.9
728,131,89.6
728,132,80.1
728,133,77.9
728,135,100.0
728,136,77.5
728,137,54.3
728,139,79.3
730,132,71.4
730,133,86.3
730,134,100.0
730,135,43.4
730,137,72.7
730,138,83.5
730,139,85.0
734,131,69.8
734,133,88.8
734,134,91.8
734,135,73.1
734,137,80.3
734,138,49.9
734,139,54.2
734,130,54.3
735,131,70.2
735,132,71.2
735,135,65.9
735,136,98.7
735,138,83.9
735,139,57.0
735,130,71.7
747,131,91.2
747,133,74.4
747,134,81.9
747,135,94.9
747,136,78.0
751,131,74.5
751,132,63.5
751,134,65.2
751,137,85.1
751,139,76.9
757,131,100.0
757,132,65.0
757,133,83.1
757,136,68.9
757,138,74.7
757,139,78.3
757,130,85.3
758,135,55.7
758,136,88.5
758,137,43.1
758,138,72.8
758,130,84.4
759,131,67.3
759,134,84.7
759,135,69.1
759,136,64.8
759,137,50.1
759,138,87.3
759,139,77.1
759,130,86.5
761,134,62.0
761,135,87.8
761,136,71.0
761,137,29.3
761,138,59.6
761,139,51.3
764,134,75.1
764,135,81.0
764,137,71.8
764,138,75.2
764,139,75.4
764,130,67.0
775,134,88.4
775,135,83.1
775,136,61.2
775,137,65.6
775,138,89.7
775,130,94.2
779,131,63.9
779,132,76.3
779,133,72.0
779,134,61.8
779,136,69.4
779,137,90.8
779,139,73.2
779,130,82.9
791,131,37.8
791,134,77.6
791,135,68.3
791,138,52.8
791,139,52.8
791,130,57.7
798,131,72.0
798,132,100.0
798,133,55.9
798,135,95.9
798,136,40.2
798,137,68.4
798,138,68.6
798,139,53.0
799,132,56.2
799,135,78.3
799,136,53.9
799,138,69.3
799,139,75.7
805,131,73.5
805,135,75.7
805,136,83.3
805,137,62.8
805,138,96.1
826,131,80.6
826,132,86.5
826,134,72.7
826,135,51.2
826,136,49.1
826,138,71.6
826,139,98.7
837,132,62.6
837,136,75.9
837,138,100.0
837,130,75.5
838,131,72.7
838,134,55.4
838,135,90.4
838,138,87.4
838,139,59.3
838,130,76.6
847,131,74.8
847,133,89.7
847,135,95.7
847,136,100.0
875,131,31.5
875,132,73.9
875,133,67.7
875,134,61.0
875,135,74.8
875,136,68.5
875,137,87.0
875,138,65.0
875,139,82.1
875,130,46.2
890,131,62.2
890,133,87.5
890,134,63.6
890,135,69.2
890,136,68.7
890,137,51.9
890,138,65.1
890,130,90.1
897,131,67.3
897,132,64.6
897,133,86.0
897,134,67.7
897,135,53.2
897,137,41.9
897,139,61.1
897,130,73.0
907,131,74.1
907,132,50.5
907,133,82.9
907,134,61.1
907,135,59.9
907,137,60.6
907,138,57.1
907,139,79.1
907,130,69.0
915,131,86.3
915,132,70.1
915,133,66.1
915,134,83.1
915,136,43.3
915,138,68.7
915,139,87.4
915,130,80.9
925,131,100.0
925,132,49.8
925,133,71.6
925,134,59.7
925,135,82.8
925,136,80.3
925,137,75.7
925,130,65.6
930,131,91.4
930,132,75.7
930,133,38.0
930,134,67.4
930,135,47.4
930,137,66.0
930,138,69.8
934,131,67.0
934,132,22.3
934,133,48.4
934,134,52.3
934,135,84.6
934,136,73.9
934,139,65.7
934,130,76.3
935,131,55.1
935,132,60.3
935,134,54.5
935,135,62.1
935,136,51.5
935,137,63.5
935,139,51.2
937,134,63.6
937,135,92.8
937,136,66.3
937,137,66.0
937,138,81.2
937,139,74.9
937,130,86.0
940,131,86.3
940,133,75.2
940,136,93.5
940,138,60.3
940,139,61.6
940,130,69.3
962,132,70.0
962,133,67.7
962,135,81.7
962,136,79.4
962,138,39.1
964,132,88.9
964,134,57.6
964,135,86.0
964,136,71.2
964,138,71.6
964,130,76.8
969,132,71.1
969,135,57.4
969,136,74.0
969,137,58.4
969,138,97.9
969,139,88.0
974,132,82.6
974,133,60.7
974,136,55.9
974,137,66.6
974,139,68.5
974,130,80.7
988,132,76.7
988,133,34.5
988,134,72.8
988,136,54.5
988,137,29.2
988,138,82.5
992,132,89.1
992,134,62.5
992,135,52.5
992,137,75.1
992,138,78.6
992,139,79.3
999,131,65.5
999,132,67.8
999,133,86.0
999,134,54.0
999,135,86.6
999,137,65.6
999,138,65.5
999,139,66.0
2,111,64.3
2,112,87.6
2,113,50.0
2,114,96.9
2,117,89.9
2,119,75.5
20,111,71.4
20,112,100.0
20,113,83.7
20,114,74.0
20,115,51.1
20,117,80.8
20,118,62.9
20,110,62.8
26,111,59.5
26,112,46.0
26,113,90.1
26,115,58.3
26,116,51.3
26,119,55.2
26,110,86.2
35,111,94.6
35,112,70.2
35,114,56.6
35,115,74.8
35,116,86.7
35,118,84.6
35,119,65.5
43,111,77.4
43,113,80.7
43,114,61.3
43,115,78.5
43,116,80.0
43,117,67.5
43,119,82.6
43,110,65.2
47,111,73.0
47,112,53.4
47,113,68.6
47,114,78.5
47,116,63.2
47,110,74.1
50,111,86.0
50,112,67.3
50,113,88.4
50,114,57.5
50,116,44.2
50,118,77.4
50,119,63.6
52,111,91.0
52,112,71.6
52,113,48.8
52,115,94.4
52,117,74.7
52,118,73.8
61,111,67.4
61,112,82.2
61,114,55.2
61,115,56.1
61,117,68.1
61,118,59.4
61,119,65.9
61,110,31.4
82,112,77.2
82,113,68.4
82,114,41.7
82,115,60.9
82,117,49.9
82,119,63.2
82,110,80.3
83,113,50.3
83,114,93.7
83,115,88.1
83,116,82.8
83,117,58.8
83,119,62.1
83,110,28.6
86,111,75.5
86,112,60.8
86,113,44.9
86,114,65.0
86,118,65.7
86,119,75.2
86,110,71.5
97,111,57.4
97,112,43.0
97,114,78.4
97,116,92.7
97,117,63.1
97,118,76.3
97,119,54.2
97,110,67.3
98,111,68.4
98,114,95.3
98,115,65.8
98,116,62.9
98,117,54.2
98,118,77.3
98,119,79.3
124,112,100.0
124,114,92.2
124,115,71.5
124,117,87.6
126,111,63.4
126,114,74.8
126,115,72.1
126,116,58.6
126,117,75.7
126,118,58.3
126,119,74.6
126,110,82.1
128,111,79.0
128,113,52.5
128,114,45.7
128,115,56.4
128,116,68.7
128,117,77.1
128,118,67.7
128,119,57.0
128,110,78.8
135,111,68.8
135,113,67.6
135,114,72.1
135,115,100.0
135,116,48.7
135,119,60.3
135,110,67.8
149,111,49.5
149,113,100.0
149,114,66.8
149,115,58.2
149,116,77.0
149,117,76.3
149,119,80.4
149,110,74.2
153,111,71.8
153,113,56.6
153,116,88.3
153,118,65.0
153,110,46.1
160,111,67.6
160,112,81.5
160,114,67.8
160,116,93.2
160,118,81.3
160,119,63.4
160,110,59.7
166,111,58.4
166,112,72.5
166,113,75.2
166,114,97.0
166,115,82.2
166,116,21.3
166,117,68.9
166,118,67.9
166,119,72.4
173,112,72.6
173,113,80.5
173,114,58.5
173,115,74.5
173,117,83.8
173,118,93.8
183,111,61.0
183,112,82.2
183,113,60.4
183,116,100.0
183,117,70.6
183,118,68.2
191,111,80.1
191,112,25.9
191,113,17.9
191,115,72.4
191,116,70.6
191,117,48.4
191,118,72.3
191,110,100.0
192,111,52.5
192,113,76.8
192,114,56.1
192,117,51.8
192,118,68.3
192,119,61.5
215,112,89.6
215,116,55.2
215,117,69.8
215,119,89.7
215,110,76.6
220,111,97.3
220,112,59.6
220,113,70.7
220,114,47.8
220,115,57.4
220,116,71.1
220,117,55.2
220,118,57.4
220,119,82.1
220,110,97.9
222,111,54.9
222,113,77.8
222,115,70.4
222,116,53.3
222,117,72.9
222,118,65.1
222,119,67.7
222,110,79.9
238,111,40.6
238,112,55.7
238,113,89.9
238,115,56.7
238,116,64.2
238,117,91.6
238,118,75.0
238,110,100.0
243,111,93.8
243,113,59.0
243,114,72.2
243,115,100.0
243,116,65.1
243,117,47.8
243,119,83.1
244,111,100.0
244,112,89.7
244,113,93.7
244,114,81.0
244,115,94.0
244,116,69.1
244,119,75.3
248,113,58.1
248,114,79.9
248,115,82.1
248,117,83.7
248,118,82.9
248,119,45.8
248,110,97.1
249,111,43.6
249,112,74.4
249,114,59.3
249,115,87.5
249,117,61.4
249,118,29.5
249,110,75.2
260,111,42.5
260,112,34.7
260,113,98.1
260,116,71.8
260,119,92.6
260,110,54.7
264,113,85.7
264,115,54.6
264,117,58.4
266,111,73.7
266,112,37.8
266,113,98.4
266,114,61.6
266,115,78.5
266,116,81.9
266,117,70.4
266,118,69.3
266,119,62.7
266,110,60.2
285,111,52.2
285,112,56.1
285,113,60.7
285,114,79.3
285,116,50.6
285,117,59.1
285,118,74.3
285,119,72.6
285,110,87.3
293,113,71.4
293,114,51.0
293,116,80.7
293,117,87.5
293,118,91.2
293,119,59.1
293,110,62.7
297,111,83.7
297,113,58.2
297,114,55.2
297,118,96.6
297,119,72.8
297,110,64.6
299,114,78.5
299,115,95.8
299,116,54.1
299,117,84.5
299,118,53.3
299,119,66.9
299,110,75.5
315,111,83.3
315,113,56.5
315,115,64.0
315,116,82.0
315,118,61.1
315,119,89.1
315,110,90.7
318,113,93.6
318,114,62.0
318,116,74.8
318,117,95.0
318,118,89.3
318,119,72.8
328,111,65.1
328,112,51.6
328,113,47.7
328,115,65.7
328,116,90.1
328,117,88.0
328,119,75.8
328,110,74.3
387,111,73.5
387,112,76.2
387,113,75.1
387,114,61.3
387,115,77.0
387,116,59.6
387,118,65.5
387,110,71.5
392,111,72.2
392,112,76.8
392,114,82.4
392,116,79.5
392,117,50.0
392,118,59.5
392,119,69.1
392,110,77.0
394,111,71.9
394,113,55.2
394,114,76.6
394,115,56.1
394,116,53.2
394,118,62.8
394,110,84.4
396,111,71.7
396,114,72.7
396,115,93.2
396,116,71.1
396,117,73.4
396,119,49.9
396,110,78.2
399,111,72.0
399,112,63.1
399,113,32.8
399,116,72.2
399,118,90.1
399,110,49.7
407,111,73.2
407,112,74.0
407,113,98.1
407,114,49.7
407,116,69.4
407,117,63.8
407,118,61.0
407,119,54.5
407,110,48.3
410,111,84.7
410,112,40.7
410,113,55.9
410,115,66.4
410,116,70.9
410,117,72.1
410,119,78.0
410,110,69.3
449,111,73.2
449,113,80.5
449,114,78.0
449,115,89.1
449,116,64.5
449,117,73.8
449,118,55.4
449,110,92.8
452,111,97.0
452,112,82.9
452,113,66.8
452,114,56.6
452,115,75.1
452,116,62.3
452,117,66.0
452,118,55.3
452,119,63.5
457,111,67.8
457,112,43.7
457,113,77.3
457,116,69.0
457,117,73.7
461,111,34.4
461,113,90.7
461,115,64.8
461,117,80.7
461,118,78.0
471,112,79.7
471,113,68.0
471,115,66.0
471,116,78.3
471,117,46.3
471,118,72.6
471,119,82.0
471,110,83.2
477,111,59.7
477,113,65.3
477,114,67.5
477,115,90.9
477,116,76.4
477,117,81.1
477,110,83.7
480,111,73.9
480,112,89.4
480,113,83.7
480,114,76.0
480,116,62.8
480,118,59.1
480,119,74.9
480,110,69.3
492,112,100.0
492,113,52.2
492,114,50.2
492,116,62.3
492,118,54.7
492,110,70.8
511,111,59.1
511,112,52.5
511,113,71.9
511,115,95.1
511,116,64.5
511,117,62.5
511,118,62.3
511,110,95.1
514,111,52.1
514,112,68.6
514,113,58.1
514,115,71.6
514,116,71.4
514,117,99.1
514,118,74.8
514,110,45.0
525,112,55.3
525,113,40.0
525,114,70.4
525,115,63.1
525,116,65.2
525,117,72.1
525,118,75.7
525,110,91.6
528,112,82.1
528,113,77.8
528,115,75.2
528,116,66.1
528,117,85.9
531,111,41.3
531,112,37.5
531,113,74.1
531,114,67.1
531,116,59.8
531,117,66.9
531,118,95.6
531,119,89.9
531,110,77.3
560,111,68.8
560,113,47.7
560,116,66.1
560,117,47.6
560,119,51.7
560,110,64.8
564,112,63.6
564,113,84.3
564,115,51.5
564,117,58.8
564,118,58.0
564,119,60.5
565,111,31.8
565,112,76.5
565,113,50.7
565,114,69.5
565,115,73.0
565,116,93.1
565,117,63.1
565,118,63.3
565,119,66.1
565,110,67.1
568,111,76.0
568,113,53.6
568,114,61.1
568,115,75.0
568,116,62.4
568,117,72.5
568,118,75.3
568,119,82.5
579,111,63.8
579,113,63.9
579,114,60.4
579,115,70.6
579,117,78.3
579,110,70.2
582,111,64.9
582,112,48.7
582,113,45.6
582,114,61.6
582,115,75.5
582,117,70.2
582,118,65.4
582,119,72.5
582,110,83.1
594,112,89.7
594,114,83.6
594,115,47.8
594,116,71.0
594,117,46.8
594,119,58.5
603,111,48.0
603,112,75.9
603,113,79.1
603,114,63.6
603,115,48.2
603,117,75.9
603,118,68.6
603,119,66.5
604,111,49.7
604,112,47.4
604,113,70.7
604,114,59.9
604,115,77.0
604,116,70.7
604,117,100.0
604,118,100.0
604,119,72.1
608,111,77.4
608,112,71.3
608,113,80.0
608,114,65.3
608,115,68.4
608,116,70.0
608,117,98.0
608,118,87.2
608,110,74.9
615,112,86.0
615,113,73.3
615,114,75.3
615,115,87.1
615,116,32.0
615,117,58.0
615,119,33.9
615,110,77.7
619,111,88.6
619,112,49.8
619,114,81.4
619,115,68.6
619,118,98.7
619,119,58.2
619,110,33.5
632,111,36.5
632,113,69.2
632,115,71.7
632,116,42.5
632,117,70.5
632,118,51.2
632,110,84.6
636,111,75.7
636,112,90.0
636,117,43.7
636,118,71.0
636,119,53.6
641,111,65.4
641,112,80.5
641,113,94.9
641,114,58.1
641,115,97.9
641,116,80.5
641,118,84.4
641,119,87.5
641,110,47.8
647,111,48.4
647,112,68.5
647,113,58.1
647,114,67.4
647,115,78.0
647,117,74.8
647,118,86.8
647,119,83.5
647,110,48.7
655,111,81.5
655,114,28.5
655,115,67.1
655,116,71.1
655,117,89.8
655,118,63.3
655,110,92.0
658,111,100.0
658,115,65.5
658,116,48.0
658,119,80.6
658,110,75.6
665,111,62.5
665,112,99.5
665,114,74.4
665,116,89.4
665,117,59.1
665,118,56.0
665,110,75.7
666,113,45.0
666,114,87.2
666,115,70.5
666,117,69.9
666,118,55.5
666,110,61.7
674,111,70.8
674,112,84.1
674,114,69.7
674,115,82.5
674,117,79.1
674,118,87.9
674,119,93.2
674,110,82.2
682,111,80.7
682,112,69.2
682,113,80.2
682,114,94.2
682,117,66.5
682,118,68.7
682,119,58.8
703,111,84.4
703,112,68.1
703,113,46.1
703,114,79.3
703,115,94.8
703,116,66.1
703,117,80.7
703,118,65.3
703,119,84.1
705,111,69.9
705,113,88.1
705,114,85.9
705,115,71.1
705,116,100.0
705,118,65.0
705,119,86.5
705,110,70.7
739,111,86.6
739,114,77.9
739,115,86.7
739,116,77.8
739,118,74.1
739,119,75.7
739,110,57.4
742,111,71.6
742,112,83.2
742,113,82.4
742,114,80.7
742,115,72.6
742,116,64.8
742,117,73.0
742,118,77.3
742,119,82.9
743,112,83.7
743,113,69.5
743,114,78.5
743,115,72.1
743,117,61.5
743,110,85.5
777,112,62.9
777,113,48.0
777,114,96.2
777,116,95.1
777,117,59.5
777,118,77.6
777,110,100.0
784,111,88.5
784,114,51.2
784,116,86.5
784,117,89.4
784,119,61.6
784,110,61.9
785,111,78.8
785,112,33.9
785,115,80.9
785,118,83.7
785,110,93.2
794,111,44.3
794,112,59.9
794,113,81.6
794,115,62.8
794,116,57.2
794,117,58.7
794,118,68.9
804,111,69.0
804,112,86.1
804,113,57.9
804,114,47.8
804,115,82.0
804,116,78.7
804,117,77.4
804,118,58.3
804,119,53.4
807,114,81.4
807,115,45.0
807,116,70.5
807,119,71.3
807,110,77.7
810,113,79.0
810,115,79.7
810,116,74.7
810,117,66.6
810,119,57.5
810,110,69.7
815,113,54.3
815,116,85.9
815,117,84.7
815,119,81.9
815,110,54.5
833,111,41.2
833,113,61.6
833,114,80.3
833,116,41.1
833,118,67.8
833,119,63.5
833,110,89.2
839,111,98.0
839,112,99.1
839,113,64.9
839,115,70.8
839,116,76.1
839,118,68.1
839,119,74.3
839,110,65.3
848,111,33.7
848,112,87.0
848,114,48.6
848,115,60.6
848,117,78.8
848,118,73.4
848,110,75.6
850,111,69.1
850,112,47.6
850,115,67.9
850,116,83.1
850,118,79.0
853,112,92.0
853,113,100.0
853,114,56.4
853,115,68.5
853,116,94.3
853,117,84.8
853,118,68.9
853,119,87.3
853,110,78.1
854,111,60.3
854,113,69.0
854,114,71.3
854,115,65.2
854,116,83.6
854,118,89.9
854,119,44.5
854,110,57.3
861,113,70.0
861,115,80.0
861,116,52.5
861,118,72.8
863,111,70.6
863,112,53.5
863,116,73.5
863,117,68.4
863,118,67.3
863,110,49.3
869,112,53.7
869,113,81.6
869,115,51.8
869,116,100.0
869,117,72.5
869,119,47.9
869,110,65.4
872,111,67.2
872,113,76.1
872,114,69.7
872,115,72.0
872,116,95.3
872,119,18.7
872,110,71.7
879,111,65.2
879,115,99.9
879,118,50.6
879,119,59.8
879,110,70.9
880,111,56.8
880,115,65.3
880,116,84.1
880,119,67.4
880,110,100.0
888,111,86.7
888,112,74.8
888,113,83.4
888,114,57.6
888,115,89.2
888,116,78.1
888,117,75.4
888,119,79.1
888,110,78.4
896,111,62.0
896,112,88.0
896,113,45.3
896,114,49.3
896,118,73.0
896,119,82.0
896,110,66.5
901,111,78.6
901,112,59.8
901,114,71.7
901,115,78.4
901,117,78.0
901,118,43.0
901,119,95.6
901,110,58.4
905,111,60.5
905,113,66.4
905,114,74.3
905,115,60.6
905,116,46.0
905,117,51.8
905,119,65.9
906,111,53.1
906,113,81.1
906,114,86.8
906,115,53.7
906,117,73.6
906,118,78.7
906,119,76.4
913,111,78.9
913,113,79.0
913,114,60.1
913,116,93.3
913,119,63.6
913,110,75.1
928,111,67.3
928,112,53.4
928,113,66.2
928,114,53.5
928,116,63.0
928,117,93.2
928,119,58.6
928,110,70.4
929,112,88.7
929,113,40.3
929,114,78.4
929,115,95.6
929,116,71.4
929,117,68.5
929,118,86.0
929,119,68.0
929,110,100.0
942,113,51.7
942,114,77.4
942,116,35.5
942,117,61.8
942,118,67.3
942,119,64.1
942,110,59.3
950,111,75.5
950,112,92.4
950,113,77.0
950,114,77.8
950,115,64.3
950,116,54.5
950,117,85.6
950,118,29.9
950,119,93.5
950,110,84.7
951,113,100.0
951,114,69.5
951,115,62.4
951,116,60.0
951,117,85.2
951,119,65.3
952,111,83.1
952,112,68.4
952,113,63.9
952,114,69.7
952,116,71.8
952,118,61.1
952,110,66.5
959,111,67.4
959,113,65.7
959,115,68.1
959,116,68.6
959,117,64.3
959,118,50.8
985,112,85.5
985,113,68.9
985,114,36.2
985,117,66.2
985,119,71.4
990,111,70.3
990,112,78.7
990,113,70.7
990,116,81.5
990,118,83.8
994,111,71.6
994,112,69.1
994,113,88.0
994,114,69.8
994,115,75.3
994,117,84.8
994,118,45.2
994,119,70.3
994,110,76.4
1000,111,37.2
1000,112,60.5
1000,115,60.9
1000,117,89.4
1000,119,72.4
3,71,95.6
3,72,87.1
3,74,64.0
3,76,72.0
3,77,52.8
3,79,75.6
29,72,64.3
29,73,57.7
29,74,75.2
29,75,49.8
29,76,44.5
29,77,62.1
29,78,44.7
29,70,73.3
30,71,72.0
30,72,79.8
30,73,78.9
30,74,83.4
30,75,51.2
30,76,73.9
30,77,71.9
30,78,62.3
41,71,73.0
41,72,28.8
41,73,79.9
41,74,45.2
41,76,43.0
41,79,79.7
41,70,57.3
42,74,56.8
42,76,82.7
42,77,70.7
42,79,78.3
44,71,77.1
44,72,66.0
44,73,63.4
44,75,56.4
44,76,77.2
44,77,75.2
44,78,76.8
44,79,62.8
44,70,74.4
48,71,52.2
48,72,76.8
48,73,75.3
48,76,79.8
48,70,62.6
49,71,62.3
49,72,67.8
49,73,60.1
49,74,67.7
49,75,60.9
49,77,58.2
49,78,45.6
49,79,84.5
49,70,60.3
56,71,79.8
56,75,83.5
56,76,63.8
56,77,83.7
56,78,69.9
56,79,85.7
56,70,78.1
60,71,91.0
60,72,85.5
60,73,76.5
60,75,59.4
60,76,78.0
60,78,64.3
60,79,46.0
75,71,100.0
75,72,92.6
75,73,62.2
75,74,96.5
75,75,67.1
75,78,78.8
75,79,56.4
75,70,77.8
76,71,66.6
76,72,66.4
76,73,74.3
76,74,58.5
76,75,48.0
76,76,48.9
76,78,77.8
76,79,86.4
76,70,51.8
77,71,59.8
77,73,82.9
77,74,85.3
77,75,83.4
77,78,95.5
77,79,69.3
79,71,87.6
79,75,79.6
79,76,100.0
79,77,72.3
79,78,74.4
79,79,28.2
89,71,87.0
89,72,58.2
89,73,69.7
89,74,48.8
89,76,68.7
89,79,81.1
89,70,46.1
99,71,72.1
99,72,56.0
99,74,56.6
99,75,86.5
99,76,51.4
99,77,86.8
99,78,64.1
99,79,87.0
99,70,100.0
101,71,59.8
101,72,59.4
101,73,40.4
101,74,86.4
101,75,66.4
101,77,68.4
101,78,35.9
101,79,80.6
101,70,81.0
109,71,48.2
109,72,97.0
109,74,55.3
109,75,76.2
109,76,81.5
109,77,65.4
109,78,84.5
109,79,91.3
109,70,67.6
123,71,52.8
123,72,62.8
123,74,69.2
123,75,52.7
123,76,57.5
123,77,80.3
131,73,100.0
131,74,81.3
131,75,40.6
131,76,50.7
131,77,53.5
131,70,59.3
139,71,63.7
139,73,64.0
139,75,71.3
139,76,64.3
139,78,51.3
139,70,74.6
142,71,92.9
142,72,62.6
142,73,81.4
142,74,66.6
142,75,56.3
142,76,75.0
142,77,59.1
142,78,82.3
142,79,77.4
142,70,74.6
144,71,56.0
144,72,58.0
144,74,73.4
144,78,44.4
144,79,67.4
144,70,70.9
146,71,63.8
146,72,71.0
146,73,69.6
146,74,78.2
146,77,66.5
146,78,65.2
146,79,63.1
154,71,86.1
154,72,73.4
154,73,61.2
154,76,61.3
154,77,75.6
154,78,55.1
154,79,61.3
157,71,85.4
157,72,65.7
157,73,56.6
157,75,93.2
157,76,71.2
157,77,63.9
157,78,60.3
157,79,67.1
157,70,53.3
200,71,71.2
200,72,77.7
200,73,58.7
200,74,73.6
200,75,76.4
200,76,100.0
200,77,100.0
200,78,83.0
223,71,71.0
223,72,52.5
223,74,79.1
223,77,57.1
223,78,76.6
223,79,48.9
224,72,81.2
224,73,61.6
224,75,85.8
224,76,99.5
224,77,86.5
224,78,62.2
224,79,81.9
225,71,59.0
225,72,87.5
225,73,49.8
225,74,81.3
225,75,79.5
225,76,88.1
225,77,73.7
225,78,89.0
225,79,88.2
225,70,64.5
232,71,53.6
232,73,78.6
232,77,72.9
232,70,81.5
262,71,58.6
262,73,59.8
262,75,89.8
262,76,69.3
262,77,76.2
262,70,71.2
277,71,51.5
277,73,60.6
277,74,39.2
277,75,100.0
277,76,62.5
277,77,76.2
277,79,86.7
277,70,75.3
278,71,63.9
278,73,66.2
278,75,61.6
278,77,40.6
278,79,89.3
290,71,100.0
290,72,74.5
290,74,54.5
290,75,75.2
290,76,77.8
290,77,58.7
290,78,77.6
290,79,75.9
296,71,57.9
296,72,87.1
296,73,57.6
296,75,47.5
296,76,81.5
296,79,90.8
296,70,100.0
304,71,48.8
304,72,70.5
304,75,64.3
304,77,82.2
304,78,87.2
304,79,49.2
304,70,49.5
317,72,65.1
317,74,86.3
317,75,67.1
317,76,56.6
317,77,69.8
317,79,86.2
317,70,61.7
320,71,45.8
320,72,64.0
320,75,71.6
320,76,64.6
320,78,85.6
320,79,72.2
325,74,84.8
325,75,66.2
325,77,50.9
325,78,62.7
325,79,76.6
325,70,57.8
338,72,79.8
338,73,80.8
338,74,42.8
338,75,83.2
338,78,74.7
338,79,53.4
338,70,84.3
360,71,82.6
360,72,65.3
360,73,81.4
360,74,77.5
360,75,80.2
360,76,61.7
360,78,57.1
360,79,69.9
360,70,91.7
361,71,63.7
361,75,53.5
361,76,77.5
361,77,50.6
361,78,75.3
361,79,55.7
361,70,65.0
364,71,47.9
364,72,99.1
364,73,70.6
364,76,60.3
364,77,69.8
364,78,73.9
364,70,59.9
367,71,81.5
367,72,86.2
367,74,92.2
367,75,82.4
367,76,64.3
367,78,95.3
367,79,54.2
374,71,55.2
374,73,58.9
374,76,72.8
374,77,59.4
374,79,82.9
374,70,57.6
378,71,60.1
378,73,87.2
378,74,75.7
378,78,76.1
378,79,75.2
378,70,68.9
395,71,65.8
395,72,93.3
395,73,57.9
395,74,80.0
395,75,70.7
395,76,70.7
395,78,71.1
395,79,76.8
397,71,70.9
397,72,76.1
397,73,54.2
397,74,95.0
397,75,79.4
397,77,64.8
397,78,84.9
397,70,74.9
415,71,59.9
415,72,66.8
415,73,91.8
415,75,85.5
415,78,72.5
415,70,67.7
438,71,100.0
438,73,55.7
438,74,73.8
438,75,66.2
438,77,75.0
438,78,46.1
438,79,82.7
438,70,83.5
443,71,87.2
443,73,78.2
443,74,43.8
443,78,41.6
443,79,77.7
443,70,70.2
445,71,58.6
445,72,66.2
445,73,42.7
445,74,37.7
445,75,91.6
445,76,62.7
445,77,76.3
445,70,85.1
462,74,88.3
462,75,63.9
462,78,67.5
462,79,79.7
462,70,69.7
464,71,78.0
464,72,71.8
464,75,68.8
464,77,84.3
485,71,58.8
485,74,59.3
485,76,72.6
485,77,80.2
485,79,61.3
495,72,68.6
495,75,83.5
495,77,46.1
495,78,43.9
495,79,98.0
495,70,86.2
505,71,89.9
505,72,74.8
505,73,81.2
505,74,55.6
505,77,54.6
505,78,71.9
505,70,66.2
506,71,60.6
506,72,65.8
506,73,78.7
506,74,55.2
506,75,81.5
506,76,69.7
506,78,92.3
506,79,72.6
510,71,48.2
510,72,73.7
510,73,45.9
510,75,81.6
510,77,65.9
510,78,59.9
510,79,90.3
510,70,69.0
519,71,61.2
519,72,74.7
519,74,79.7
519,76,62.1
519,77,76.1
519,78,90.0
519,79,89.1
519,70,61.0
520,71,47.3
520,72,86.5
520,73,72.5
520,74,84.2
520,75,77.8
520,76,75.2
520,77,84.4
520,78,84.7
520,79,55.5
526,72,76.0
526,73,79.0
526,74,69.3
526,75,51.6
526,79,91.1
526,70,69.4
527,71,52.6
527,74,59.7
527,75,100.0
527,76,86.5
527,77,54.4
527,70,88.3
545,71,79.1
545,72,66.1
545,73,94.7
545,74,69.7
545,76,80.9
545,77,63.8
545,78,100.0
545,79,82.3
545,70,88.6
548,72,82.0
548,73,65.8
548,76,64.6
548,78,43.8
548,79,50.4
549,71,86.9
549,72,84.6
549,73,45.9
549,75,40.8
549,77,67.4
549,78,67.6
549,79,52.8
551,73,94.5
551,75,72.9
551,76,62.5
551,77,95.1
551,78,84.4
554,71,71.6
554,72,71.8
554,73,77.5
554,74,49.7
554,75,59.4
554,76,55.5
554,77,76.4
554,78,93.4
554,79,83.5
554,70,39.6
562,73,87.4
562,74,61.0
562,75,82.7
562,77,48.6
562,78,73.8
562,79,85.6
562,70,60.1
563,72,34.7
563,73,90.2
563,74,47.3
563,75,74.0
563,76,73.7
563,77,52.1
563,78,74.8
563,79,70.2
563,70,53.7
574,71,100.0
574,72,53.4
574,73,83.6
574,75,86.1
574,76,87.1
574,77,64.2
574,78,78.7
574,70,97.5
575,71,54.0
575,72,76.4
575,73,87.1
575,75,74.3
575,77,56.1
575,78,93.2
589,72,86.4
589,73,67.0
589,74,47.2
589,75,83.2
589,77,47.3
589,78,60.9
589,79,73.1
589,70,78.4
597,71,99.5
597,73,78.2
597,74,83.8
597,76,54.9
597,77,61.2
597,78,38.0
610,71,65.1
610,72,73.5
610,74,68.3
610,75,46.1
610,76,67.6
610,77,58.1
610,78,77.7
610,79,78.3
610,70,70.6
614,71,73.8
614,72,72.5
614,74,59.9
614,75,38.1
614,76,51.1
614,78,64.5
614,79,50.9
618,71,86.4
618,73,53.4
618,75,61.2
618,76,75.9
618,78,100.0
618,79,66.8
618,70,93.5
640,71,38.3
640,73,55.2
640,75,85.2
640,78,60.7
640,79,76.5
640,70,56.9
657,72,70.3
657,73,49.9
657,75,83.8
657,77,53.1
657,79,63.6
657,70,73.8
662,71,49.2
662,72,83.0
662,74,93.6
662,75,72.7
662,77,84.7
662,78,72.6
662,79,77.1
662,70,97.6
663,72,79.3
663,73,88.2
663,77,100.0
663,78,59.9
663,79,56.5
663,70,77.8
700,71,72.5
700,72,77.5
700,73,61.8
700,74,56.6
700,76,62.7
700,77,86.0
700,78,65.7
700,79,89.3
700,70,78.5
708,72,41.1
708,73,68.1
708,75,42.1
708,76,62.1
708,77,61.9
708,78,64.7
708,70,79.8
726,71,46.9
726,73,56.1
726,77,55.2
726,78,55.9
726,79,65.5
726,70,82.4
729,71,61.3
729,72,84.6
729,73,88.3
729,74,89.1
729,77,69.1
729,78,55.1
729,79,78.5
731,72,94.0
731,73,90.9
731,74,49.3
731,75,71.8
731,79,74.1
731,70,69.7
733,71,87.8
733,72,93.7
733,74,70.9
733,75,63.3
733,77,45.8
733,78,87.1
733,79,78.4
763,71,92.8
763,73,57.8
763,74,71.3
763,75,77.6
763,76,67.7
763,78,74.4
763,70,70.1
770,74,75.4
770,78,49.1
770,79,69.1
770,70,75.1
776,72,73.3
776,76,59.3
776,78,92.8
776,70,60.6
792,74,68.9
792,75,64.2
792,76,97.8
792,77,69.3
809,72,84.4
809,73,76.5
809,75,67.4
809,76,95.1
809,77,45.2
819,72,75.4
819,73,86.1
819,74,80.2
819,75,60.2
819,79,44.9
832,71,77.6
832,72,62.4
832,75,47.5
832,76,69.9
832,77,68.1
832,78,84.1
832,79,72.0
841,71,67.2
841,73,47.4
841,74,64.6
841,75,83.8
841,76,83.4
841,77,66.6
841,79,73.6
841,70,79.4
855,72,52.9
855,73,68.2
855,76,39.9
855,79,64.0
864,71,71.2
864,72,88.2
864,73,48.3
864,75,71.8
864,76,89.5
864,78,67.7
864,79,100.0
883,71,49.3
883,73,44.3
883,74,62.0
883,75,59.9
883,76,56.7
883,77,37.4
883,79,74.4
910,71,88.2
910,73,63.4
910,74,62.0
910,75,71.3
910,76,69.9
910,79,80.5
912,71,44.6
912,73,96.2
912,74,55.6
912,75,86.7
912,70,60.9
938,71,96.5
938,72,70.4
938,74,83.4
938,75,72.9
938,77,49.4
938,78,59.3
938,79,76.5
938,70,59.8
953,71,81.0
953,72,81.9
953,73,65.3
953,74,72.9
953,78,67.5
953,79,71.4
953,70,76.2
972,71,67.2
972,72,67.7
972,73,100.0
972,75,62.7
972,77,100.0
975,72,80.7
975,73,59.4
975,74,75.8
975,75,48.8
975,77,68.0
975,79,54.1
975,70,79.1
984,71,70.1
984,73,61.5
984,74,75.3
984,78,56.4
984,79,82.9
984,70,52.6
6,91,70.5
6,92,49.6
6,93,61.4
6,94,86.4
6,95,98.9
6,97,84.4
6,98,54.6
6,99,53.0
11,91,69.6
11,92,89.5
11,93,92.3
11,94,66.5
11,95,69.2
11,96,58.8
11,98,67.9
11,90,67.7
19,91,83.8
19,93,76.3
19,95,64.8
19,96,100.0
19,97,73.4
19,98,96.8
19,99,70.6
19,90,69.1
38,93,46.0
38,94,84.3
38,96,69.4
38,97,72.2
38,90,72.4
46,91,67.0
46,92,58.3
46,93,100.0
46,94,57.3
46,95,58.1
46,96,63.3
46,97,71.3
46,98,63.0
46,90,79.2
63,91,87.5
63,92,74.3
63,93,83.1
63,94,95.4
63,95,100.0
63,96,81.4
63,97,70.6
63,99,80.5
63,90,99.6
71,91,52.5
71,92,76.2
71,94,64.8
71,96,52.5
71,97,71.2
71,98,73.8
71,99,90.0
71,90,52.8
73,91,64.6
73,92,100.0
73,94,85.8
73,96,67.8
73,97,50.8
73,99,79.7
73,90,58.4
80,91,68.4
80,92,74.9
80,93,95.6
80,94,61.0
80,95,51.6
80,97,61.1
80,98,66.2
81,91,92.7
81,92,36.3
81,93,68.5
81,94,97.9
81,95,88.8
81,96,89.3
81,97,70.1
81,98,70.0
81,99,68.5
84,93,56.9
84,95,100.0
84,96,40.1
84,97,83.0
84,98,60.3
94,91,59.5
94,92,49.3
94,93,86.5
94,94,50.2
94,96,92.2
94,97,57.7
94,99,61.4
94,90,53.2
114,92,97.9
114,93,69.4
114,95,59.5
114,96,36.0
114,90,62.9
116,91,69.7
116,92,77.6
116,94,67.2
116,96,78.4
116,97,100.0
116,98,67.0
116,99,71.8
116,90,85.1
125,91,60.5
125,92,64.2
125,93,31.6
125,94,76.1
125,98,40.8
125,99,71.4
125,90,62.9
137,91,72.8
137,92,68.5
137,94,79.2
137,95,79.2
137,96,51.7
137,98,60.8
137,99,82.4
137,90,68.9
141,91,83.1
141,92,78.6
141,93,87.2
141,94,49.1
141,95,34.6
141,96,62.7
141,99,55.7
141,90,100.0
143,91,46.3
143,94,74.0
143,96,84.3
143,97,70.1
143,99,60.9
143,90,70.3
148,91,61.7
148,92,93.4
148,93,79.2
148,94,86.5
148,95,73.2
148,96,85.5
148,97,58.7
148,98,65.6
148,99,48.2
163,91,65.0
163,92,53.1
163,93,68.2
163,95,95.8
163,96,41.9
163,97,97.8
163,98,73.2
163,99,64.8
171,91,84.2
171,92,67.6
171,93,49.1
171,94,61.6
171,96,96.3
171,97,62.1
171,98,95.2
177,91,75.6
177,92,73.7
177,94,83.8
177,95,88.7
177,98,77.0
177,99,69.6
177,90,67.4
180,91,63.0
180,92,60.4
180,95,77.6
180,98,78.0
180,99,75.8
180,90,77.4
193,91,90.2
193,92,68.2
193,95,67.2
193,97,61.1
193,98,61.9
194,91,74.5
194,93,99.2
194,94,73.4
194,95,59.8
194,96,85.0
194,98,86.8
194,99,83.1
197,91,73.1
197,93,75.7
197,94,71.6
197,96,92.1
197,98,70.1
197,99,71.6
202,92,94.3
202,93,77.4
202,94,70.5
202,95,76.4
202,96,51.5
202,98,74.5
202,99,49.5
202,90,78.4
209,91,74.9
209,92,73.4
209,94,85.0
209,96,52.6
209,97,97.2
209,99,91.5
214,91,83.9
214,92,73.3
214,93,86.5
214,94,65.6
214,95,78.8
214,96,67.0
214,97,73.7
214,98,34.7
214,90,68.6
217,91,61.1
217,92,66.5
217,93,87.3
217,95,85.5
217,96,53.3
221,92,85.9
221,93,65.1
221,94,55.7
221,95,67.0
221,98,52.7
221,90,69.3
237,91,71.8
237,92,77.2
237,94,76.7
237,95,88.2
237,96,57.5
237,97,66.4
237,98,63.5
282,92,59.4
282,93,100.0
282,94,74.2
282,96,95.6
282,97,57.2
282,99,51.0
282,90,69.0
284,91,71.6
284,92,52.4
284,93,65.7
284,94,74.1
284,95,71.0
284,96,58.9
284,97,66.1
284,99,60.9
284,90,62.3
287,91,55.5
287,92,84.1
287,95,90.8
287,96,81.6
287,97,96.2
287,98,71.8
287,99,60.2
287,90,58.9
301,91,73.8
301,93,82.4
301,95,77.7
301,96,93.8
301,97,64.2
301,98,79.1
301,99,56.0
308,92,58.2
308,93,49.0
308,94,78.0
308,95,71.2
308,97,76.0
308,98,43.8
308,90,40.0
310,92,69.8
310,93,79.9
310,94,71.0
310,96,54.5
310,97,46.0
310,98,70.2
310,99,40.4
310,90,73.6
324,91,79.7
324,92,76.1
324,93,77.7
324,97,69.9
324,99,73.9
324,90,71.5
332,91,55.7
332,92,61.0
332,93,77.1
332,94,64.2
332,95,62.5
332,97,63.5
332,99,61.3
336,93,67.9
336,95,64.8
336,96,69.8
336,97,75.0
336,98,95.0
336,99,64.5
336,90,67.4
340,91,54.6
340,92,90.3
340,93,98.9
340,95,50.9
340,96,63.0
340,97,66.9
340,98,62.3
340,90,79.2
341,91,83.4
341,92,62.4
341,95,74.0
341,96,54.1
341,97,88.4
341,99,38.5
343,91,70.6
343,92,68.7
343,94,94.6
343,96,100.0
343,98,71.9
343,90,71.8
346,91,60.2
346,92,85.0
346,94,60.6
346,96,73.0
346,97,74.3
346,99,55.0
346,90,60.2
352,91,63.0
352,92,77.7
352,93,83.6
352,94,74.2
352,95,57.5
352,96,80.4
352,97,69.0
352,98,71.5
352,99,55.6
352,90,62.6
357,91,81.8
357,92,40.1
357,93,34.7
357,94,58.3
357,97,58.8
357,99,61.0
375,93,95.9
375,94,76.8
375,95,73.6
375,96,84.2
375,97,58.8
375,98,61.8
375,99,71.5
375,90,66.1
381,91,56.0
381,92,64.0
381,95,65.9
381,96,86.6
381,97,60.2
381,98,85.7
381,90,70.0
385,91,82.0
385,93,68.3
385,95,67.3
385,96,47.4
385,98,100.0
386,91,70.5
386,92,40.9
386,94,50.6
386,95,54.6
386,96,56.6
386,97,58.0
386,98,80.4
386,99,41.0
386,90,76.1
389,91,83.2
389,92,74.6
389,93,80.1
389,94,47.4
389,97,73.0
389,98,86.3
389,99,100.0
391,92,64.6
391,93,62.3
391,94,63.6
391,95,56.8
391,96,61.2
391,98,75.3
391,99,88.0
391,90,42.4
400,91,51.7
400,92,54.5
400,93,55.1
400,94,67.8
400,97,66.4
400,98,77.8
400,99,70.2
413,91,54.5
413,93,62.2
413,95,90.8
413,96,75.9
413,98,78.4
413,90,77.9
417,92,45.2
417,93,75.5
417,94,68.0
417,95,68.8
417,97,75.7
417,98,72.1
417,90,80.5
421,91,81.8
421,92,68.6
421,94,64.6
421,95,74.5
421,96,81.4
421,97,38.4
421,98,77.7
421,90,52.5
422,91,77.1
422,93,86.3
422,94,87.4
422,95,69.3
422,97,69.6
422,98,82.6
422,90,78.0
424,92,88.6
424,93,49.7
424,94,87.3
424,96,74.3
424,97,67.9
424,98,89.6
424,99,66.3
424,90,88.4
429,92,93.1
429,95,54.1
429,96,67.2
429,97,48.0
429,98,55.3
429,99,86.9
433,91,68.5
433,92,69.0
433,93,81.7
433,94,77.2
433,97,97.1
433,90,60.3
460,91,76.8
460,94,75.8
460,95,32.7
460,97,89.0
460,98,94.0
460,90,56.7
468,93,77.7
468,94,71.7
468,95,51.1
468,96,79.0
468,97,80.7
468,98,78.7
472,92,98.9
472,93,93.9
472,94,83.5
472,95,56.8
472,96,64.2
472,98,46.6
472,99,76.6
472,90,98.3
474,91,43.8
474,93,60.0
474,94,45.7
474,95,100.0
474,96,70.9
486,93,59.6
486,94,85.6
486,95,64.2
486,96,86.0
486,97,68.6
486,98,77.0
486,99,72.2
486,90,72.4
489,91,54.0
489,93,47.7
489,94,67.1
489,95,79.9
489,97,77.1
489,98,77.3
496,92,58.1
496,93,84.8
496,94,79.5
496,96,80.1
496,97,33.9
496,98,51.6
496,99,71.0
496,90,86.2
499,91,99.4
499,92,87.3
499,93,92.0
499,94,65.3
499,95,100.0
499,96,61.4
499,98,72.3
499,99,66.4
500,92,53.9
500,93,59.6
500,94,80.7
500,96,69.4
500,97,72.9
500,98,64.9
500,99,55.1
500,90,57.2
521,91,76.1
521,92,95.5
521,93,68.8
521,95,87.9
521,96,79.7
521,99,64.9
521,90,49.1
541,91,60.6
541,92,77.8
541,93,76.2
541,97,93.4
541,98,98.3
557,91,68.6
557,92,86.9
557,93,84.9
557,94,81.2
557,96,41.1
557,97,61.4
573,92,73.7
573,94,66.8
573,96,67.8
573,98,69.9
573,99,67.4
573,90,66.6
577,91,83.8
577,92,77.2
577,93,97.3
577,94,84.9
577,95,79.0
577,96,90.2
577,98,51.7
577,99,76.8
583,92,60.8
583,94,45.0
583,95,81.4
583,96,77.3
583,97,89.5
583,99,59.3
599,91,65.5
599,92,67.9
599,94,78.5
599,96,67.6
599,97,86.6
599,98,93.3
599,99,70.9
599,90,89.0
601,92,68.1
601,93,74.5
601,96,58.1
601,97,58.3
601,98,67.9
601,99,80.7
601,90,86.6
606,91,65.7
606,92,65.6
606,95,68.8
606,96,64.1
606,98,87.4
606,99,70.3
606,90,31.1
612,93,80.1
612,94,83.1
612,95,69.1
612,96,58.2
612,97,55.5
612,98,64.3
616,91,83.1
616,92,57.7
616,93,68.0
616,94,57.6
616,96,88.3
616,97,69.6
616,98,47.9
616,90,37.3
633,91,54.7
633,92,71.4
633,93,80.5
633,94,90.0
633,95,59.2
633,96,88.9
633,99,68.7
643,91,90.7
643,92,64.3
643,93,73.7
643,94,32.9
643,96,69.2
643,99,77.3
656,92,99.7
656,93,42.4
656,94,65.5
656,95,71.4
656,96,64.2
656,99,70.9
659,91,63.4
659,93,47.9
659,94,74.6
659,95,68.2
659,96,75.7
659,97,79.8
659,99,66.7
659,90,100.0
661,91,71.3
661,92,75.7
661,94,50.7
661,95,69.7
661,96,56.7
661,97,52.2
661,99,79.4
661,90,60.1
669,91,65.3
669,92,65.7
669,93,50.6
669,95,52.0
669,96,95.0
669,97,58.8
669,99,99.2
670,92,68.1
670,93,73.7
670,94,60.5
670,95,65.5
670,96,83.2
670,97,72.9
670,98,58.8
670,90,69.4
701,91,91.2
701,92,58.5
701,93,70.7
701,94,97.5
701,95,44.0
701,96,58.0
701,98,75.4
701,99,75.7
701,90,58.1
702,91,63.9
702,92,40.1
702,93,79.4
702,95,57.7
702,96,67.7
702,97,70.1
702,98,79.4
702,99,67.6
702,90,49.7
704,91,85.5
704,92,79.8
704,93,63.3
704,94,56.0
704,99,63.4
707,91,81.7
707,92,75.5
707,93,33.9
707,94,59.9
707,95,84.8
707,96,99.0
707,97,62.6
707,90,51.6
709,91,47.1
709,93,88.0
709,95,71.1
709,96,75.7
709,97,81.3
709,90,62.7
714,91,74.4
714,92,46.6
714,94,79.5
714,96,43.0
714,97,91.8
714,98,44.9
714,99,49.9
714,90,78.0
724,93,77.8
724,94,74.4
724,96,57.8
724,98,56.7
724,99,94.4
724,90,58.9
741,91,85.0
741,94,79.5
741,95,87.8
741,96,82.2
745,91,90.3
745,93,62.9
745,95,70.1
745,96,34.4
745,97,73.9
745,99,100.0
745,90,70.4
749,92,95.8
749,94,96.2
749,95,43.3
749,96,67.6
749,98,74.8
765,91,82.8
765,92,92.3
765,93,87.1
765,95,66.6
765,96,49.7
765,97,63.7
765,90,73.3
773,91,68.5
773,92,63.3
773,93,78.3
773,94,41.9
773,95,78.3
773,97,57.3
773,98,68.1
773,99,88.2
773,90,84.2
787,92,68.8
787,93,53.5
787,94,73.5
787,95,58.3
787,96,78.6
787,97,73.4
787,98,43.5
787,99,89.9
787,90,71.3
795,91,55.4
795,93,70.5
795,94,57.7
795,95,72.6
795,96,75.9
795,99,64.5
802,91,65.3
802,92,75.8
802,93,81.7
802,94,82.5
802,95,73.7
802,96,58.2
802,90,64.0
806,91,75.4
806,92,88.4
806,96,60.8
806,97,88.6
806,98,90.9
806,90,72.0
824,91,88.1
824,93,79.4
824,95,55.3
824,96,62.8
824,98,59.2
824,99,91.0
830,91,62.2
830,92,52.1
830,94,52.5
830,95,49.0
830,96,85.5
830,97,72.9
830,98,84.0
830,99,70.3
830,90,78.5
834,91,50.0
834,92,72.5
834,93,79.4
834,94,74.5
834,95,41.4
834,96,60.7
834,97,55.3
834,98,84.4
834,99,47.2
836,93,89.9
836,94,84.5
836,95,72.0
836,96,63.8
836,98,83.9
836,99,61.1
836,90,59.1
845,91,68.3
845,92,95.4
845,93,51.6
845,94,65.4
845,95,87.4
845,96,74.0
845,97,49.2
845,99,35.6
845,90,61.0
846,93,71.1
846,94,67.3
846,95,87.0
846,96,62.3
846,97,52.7
846,90,82.9
866,91,58.1
866,92,60.4
866,94,55.4
866,95,75.6
866,97,87.1
866,98,64.7
866,99,62.6
868,91,74.9
868,96,64.5
868,98,100.0
868,99,52.9
868,90,74.7
871,92,46.1
871,94,66.6
871,96,81.3
871,97,65.7
871,98,81.5
871,99,93.6
877,91,50.1
877,92,69.6
877,94,100.0
877,96,69.0
877,98,61.3
877,99,64.1
878,91,69.0
878,92,62.7
878,93,67.1
878,94,83.6
878,95,68.6
878,96,68.6
878,97,74.8
878,98,53.2
878,99,65.0
887,91,57.9
887,92,95.8
887,94,90.1
887,95,57.1
887,96,86.5
887,98,66.0
887,99,54.2
887,90,55.3
895,91,89.5
895,93,67.1
895,94,60.9
895,95,69.2
895,97,86.5
895,98,69.1
895,99,65.0
895,90,83.3
923,91,73.8
923,92,73.1
923,93,85.9
923,94,89.9
923,96,100.0
923,97,74.9
923,98,90.2
923,99,63.3
923,90,83.7
926,91,66.8
926,92,69.6
926,95,60.6
926,97,74.6
926,98,42.7
926,90,82.8
932,91,73.5
932,92,73.2
932,93,49.2
932,95,100.0
932,97,100.0
932,98,67.3
932,99,65.0
941,91,60.5
941,92,59.0
941,93,75.6
941,94,64.1
941,95,100.0
941,96,27.5
941,97,92.1
941,98,85.3
941,90,46.4
947,91,85.3
947,92,62.9
947,93,86.5
947,95,43.0
947,96,86.1
947,97,70.1
947,99,48.8
947,90,81.1
956,91,73.6
956,93,63.5
956,95,94.1
956,98,72.3
956,90,82.1
963,91,88.9
963,92,79.2
963,93,66.9
963,94,70.6
963,95,56.7
963,97,74.7
963,98,89.5
963,99,70.6
966,91,100.0
966,92,65.3
966,93,81.6
966,94,83.6
966,96,79.7
966,97,63.8
966,98,37.4
966,99,57.9
966,90,70.9
967,92,100.0
967,93,78.9
967,94,69.8
967,95,86.6
967,97,84.9
970,91,70.4
970,92,46.0
970,93,48.0
970,94,69.0
970,95,60.7
970,96,80.8
970,97,53.0
970,99,43.5
979,91,67.8
979,92,63.2
979,93,80.3
979,95,74.2
979,96,80.7
979,97,62.6
979,99,96.9
982,91,71.5
982,94,83.7
982,96,65.6
982,97,72.7
982,99,72.5
982,90,84.5
986,91,76.4
986,93,84.5
986,94,76.5
986,96,47.5
986,98,71.9
986,99,51.4
993,91,67.0
993,92,71.2
993,93,81.0
993,95,79.6
993,96,79.8
993,97,53.1
993,98,70.7
993,90,62.7
998,91,79.1
998,92,45.5
998,93,75.7
998,94,74.9
998,95,67.0
998,96,65.9
998,97,69.5
998,90,61.1
7,152,65.4
7,153,83.6
7,156,82.5
7,157,73.6
7,159,74.5
7,150,77.4
8,151,84.5
8,153,73.9
8,156,44.0
8,157,93.0
8,158,55.1
8,159,79.0
8,150,56.9
12,151,59.2
12,153,67.6
12,155,89.5
12,156,96.9
12,157,78.4
12,158,84.3
12,159,71.8
12,150,79.2
15,151,85.4
15,152,93.7
15,154,47.1
15,155,72.3
15,156,61.2
15,157,61.5
15,158,63.7
15,159,70.9
16,151,61.0
16,152,78.7
16,153,63.0
16,154,60.3
16,155,47.0
16,157,48.5
16,158,69.8
16,159,100.0
21,151,76.2
21,153,72.5
21,154,72.6
21,156,57.9
21,157,82.0
21,159,44.6
21,150,76.4
24,151,54.9
24,152,57.8
24,153,81.9
24,155,67.0
24,157,60.4
33,151,83.2
33,152,65.6
33,154,48.1
33,155,48.2
33,156,19.0
33,159,33.3
33,150,71.6
66,151,59.0
66,152,70.2
66,153,48.6
66,154,69.5
66,155,76.9
66,158,53.5
66,159,78.7
66,150,78.3
67,151,43.0
67,153,45.6
67,154,62.8
67,155,84.9
67,157,66.9
67,159,84.3
67,150,79.6
70,153,59.9
70,154,51.0
70,155,62.1
70,156,72.6
70,158,75.2
70,159,28.9
70,150,67.2
72,151,77.7
72,152,100.0
72,153,87.4
72,154,84.9
72,155,77.5
72,158,53.0
72,150,83.1
88,151,85.2
88,153,76.3
88,155,51.7
88,158,45.1
88,150,45.5
102,152,99.4
102,153,99.2
102,154,66.2
102,155,78.8
102,156,56.1
102,157,63.7
102,158,57.1
102,159,70.7
102,150,52.3
103,151,100.0
103,153,83.0
103,154,80.9
103,155,84.2
103,156,65.7
103,157,84.3
103,158,81.4
103,150,84.5
110,151,73.0
110,152,48.0
110,153,51.0
110,154,61.6
110,155,67.6
110,156,63.2
110,157,78.4
110,158,80.4
110,159,71.2
110,150,62.3
118,151,60.2
118,152,60.5
118,153,72.7
118,156,80.3
118,159,86.4
129,151,75.5
129,152,93.9
129,153,73.4
129,154,54.7
129,156,69.7
129,157,87.1
129,158,61.3
132,151,72.5
132,152,78.9
132,153,84.3
132,154,82.6
132,155,76.4
132,156,93.8
132,157,83.1
132,158,66.0
132,159,71.2
132,150,49.0
134,152,75.9
134,153,61.2
134,155,60.9
134,156,87.2
134,157,77.3
134,158,76.0
134,159,33.2
145,151,60.0
145,152,64.2
145,153,61.2
145,156,41.8
145,157,69.1
145,150,77.9
147,152,60.6
147,153,56.7
147,154,83.5
147,155,67.0
147,156,58.6
147,157,74.0
147,158,60.1
147,159,52.6
147,150,58.2
151,151,75.3
151,154,26.7
151,155,52.2
151,156,56.1
151,157,69.6
151,158,88.2
151,159,45.8
151,150,60.0
152,151,65.2
152,155,48.0
152,156,73.3
152,158,68.9
152,159,57.0
156,152,83.9
156,154,100.0
156,155,83.8
156,156,70.9
156,157,58.3
156,158,63.0
164,151,51.1
164,152,84.9
164,153,71.4
164,155,72.1
164,156,61.0
164,157,75.4
164,158,69.9
165,151,72.5
165,154,71.4
165,156,58.4
165,158,85.2
165,159,77.7
176,151,73.4
176,153,61.7
176,155,68.6
176,156,51.5
176,157,88.4
176,159,90.2
176,150,65.5
182,152,62.1
182,153,58.8
182,154,75.4
185,152,96.4
185,154,82.3
185,155,84.4
185,156,71.9
185,157,63.7
185,158,84.3
185,150,55.0
196,151,69.4
196,154,43.7
196,155,71.9
196,156,80.9
196,157,55.1
196,158,53.0
196,159,69.6
203,153,78.0
203,154,82.7
203,155,58.7
203,156,73.9
203,158,57.7
203,159,58.3
203,150,66.4
205,154,73.9
205,155,82.6
205,156,48.1
205,159,70.0
205,150,86.9
207,151,57.6
207,152,74.1
207,153,64.8
207,155,100.0
207,156,51.1
207,157,62.4
207,158,50.1
207,159,51.5
207,150,64.2
230,151,84.5
230,152,75.1
230,154,50.5
230,156,92.1
230,157,71.7
230,158,58.6
230,159,62.6
230,150,62.9
233,152,80.8
233,155,75.5
233,156,57.0
233,157,72.3
233,158,56.6
233,159,56.0
235,151,76.3
235,153,66.3
235,154,65.4
235,155,69.9
235,157,63.1
235,158,62.5
235,159,47.3
235,150,70.6
246,151,68.8
246,152,88.2
246,153,62.2
246,154,77.1
246,155,59.5
246,156,53.5
246,158,99.4
254,151,68.6
254,152,95.5
254,153,93.5
254,154,55.7
254,158,52.4
254,159,73.5
254,150,97.4
255,151,68.2
255,152,87.6
255,153,68.4
255,154,67.3
255,155,54.4
255,159,80.6
255,150,58.8
280,151,86.0
280,152,40.1
280,154,77.7
280,156,100.0
280,157,50.6
280,159,41.6
292,151,54.9
292,152,62.8
292,153,100.0
292,155,86.3
292,156,75.1
292,157,94.1
292,159,99.1
292,150,60.8
295,154,97.9
295,155,62.0
295,156,67.9
295,157,97.3
295,158,72.6
295,150,74.0
305,151,72.6
305,152,68.2
305,153,64.9
305,154,87.1
305,156,63.9
305,159,80.4
305,150,58.4
314,152,62.1
314,153,86.3
314,155,58.3
314,156,87.6
314,159,46.5
316,151,47.9
316,152,72.3
316,155,66.8
316,156,49.0
316,157,64.7
316,158,63.0
316,159,79.2
316,150,73.4
319,151,72.9
319,152,81.4
319,154,70.6
319,156,72.7
319,158,67.2
319,159,81.6
331,151,65.5
331,152,56.5
331,154,100.0
331,155,52.0
331,156,80.8
331,159,41.0
331,150,66.9
342,151,74.4
342,152,68.4
342,153,55.2
342,154,50.9
342,155,60.8
342,157,75.4
342,158,61.5
342,159,76.2
345,153,76.9
345,154,86.7
345,155,91.9
345,157,53.7
345,158,51.8
345,159,78.6
348,151,51.4
348,153,49.4
348,154,44.8
348,155,75.1
348,157,76.1
348,158,70.5
348,159,50.5
348,150,61.0
350,151,19.7
350,152,67.1
350,154,44.2
350,155,99.0
350,156,69.2
350,157,75.9
350,158,50.7
350,159,77.9
353,152,100.0
353,153,67.3
353,155,64.9
353,156,75.4
353,158,62.6
353,150,60.1
368,152,35.6
368,155,51.8
368,158,65.0
368,150,93.2
372,152,83.1
372,153,77.2
372,155,67.9
372,156,68.2
372,157,84.4
372,158,78.2
372,159,69.2
372,150,55.2
380,153,94.7
380,154,50.7
380,155,71.0
380,157,60.9
380,150,73.5
382,152,74.5
382,154,63.0
382,155,68.3
382,157,75.6
382,159,63.6
382,150,92.7
388,151,45.3
388,154,73.9
388,155,71.8
388,156,76.3
388,158,77.9
388,159,73.7
393,151,68.5
393,153,53.7
393,154,87.6
393,157,77.0
393,158,75.5
393,159,53.5
402,151,86.2
402,152,53.3
402,153,53.0
402,155,76.0
402,156,90.7
402,158,74.3
402,150,60.7
419,152,70.9
419,155,51.6
419,156,50.0
419,157,79.3
419,158,76.5
420,153,41.6
420,154,89.0
420,156,65.9
420,157,73.9
420,158,64.7
420,150,80.1
434,152,89.4
434,153,51.9
434,154,76.1
434,155,60.5
434,156,59.3
434,157,80.9
434,158,63.2
434,150,77.6
441,151,56.0
441,153,60.8
441,154,79.8
441,155,66.1
441,156,75.5
441,157,79.0
441,159,66.2
441,150,68.6
450,151,67.0
450,152,88.0
450,156,60.4
450,159,55.9
450,150,78.9
469,152,79.4
469,153,56.1
469,154,80.3
469,155,86.4
469,156,69.5
469,159,76.5
469,150,76.1
482,151,77.0
482,153,63.1
482,154,69.0
482,156,68.7
482,157,69.9
482,159,67.1
482,150,57.1
503,152,55.6
503,154,83.4
503,155,80.0
503,159,82.4
503,150,81.6
507,154,69.6
507,156,62.7
507,157,77.3
507,158,73.2
507,159,49.9
518,151,37.7
518,152,56.9
518,153,92.2
518,155,43.5
518,156,51.0
518,157,96.8
518,158,66.5
518,159,88.5
522,151,52.4
522,152,84.0
522,153,57.9
522,155,77.1
522,157,85.0
522,158,99.2
522,159,83.8
522,150,83.6
529,152,59.9
529,153,62.2
529,154,62.9
529,157,62.3
529,158,54.9
529,150,56.1
538,152,73.9
538,153,47.1
538,154,51.8
538,155,67.7
538,156,53.9
538,157,73.5
538,158,54.6
538,159,71.0
538,150,71.6
546,152,73.6
546,153,93.7
546,155,57.9
546,157,84.4
546,158,58.1
546,159,66.0
546,150,57.3
555,151,71.1
555,152,51.0
555,153,42.9
555,154,86.5
555,155,60.4
555,156,69.3
555,158,34.5
555,150,73.4
561,151,99.4
561,152,65.0
561,153,63.9
561,154,73.2
561,155,81.2
561,156,51.1
561,158,72.8
561,159,43.1
571,151,71.3
571,153,36.8
571,154,68.2
571,155,78.8
571,158,77.7
571,150,78.4
572,153,74.7
572,154,59.8
572,155,86.3
572,156,97.3
572,157,81.6
572,158,70.3
572,159,65.5
581,151,92.3
581,152,89.4
581,153,72.4
581,154,91.3
581,155,73.0
581,156,77.4
581,157,100.0
581,150,98.7
593,151,58.4
593,152,84.8
593,153,51.3
593,155,90.8
593,156,73.2
593,157,58.0
593,150,93.4
607,151,62.2
607,152,67.6
607,154,100.0
607,155,85.7
607,156,95.8
607,157,61.6
607,158,44.5
607,159,64.7
626,151,58.7
626,153,55.6
626,154,79.8
626,155,80.1
626,156,86.0
626,159,50.2
626,150,79.2
627,151,69.1
627,152,89.3
627,153,56.5
627,154,63.0
627,155,77.9
627,156,81.1
627,158,89.2
627,159,69.9
627,150,85.5
648,151,81.1
648,152,86.2
648,153,72.1
648,154,69.1
648,157,76.6
648,158,81.0
648,159,72.3
648,150,83.1
654,152,88.5
654,153,62.8
654,154,85.7
654,155,65.6
654,157,69.6
654,158,77.8
654,150,88.3
664,151,77.7
664,154,85.0
664,155,75.7
664,156,100.0
664,157,69.4
664,150,71.9
667,151,93.7
667,152,56.5
667,153,78.2
667,154,72.7
667,155,77.3
667,157,68.9
667,158,48.2
667,150,71.8
673,151,56.8
673,152,60.3
673,153,64.8
673,154,96.2
673,156,97.6
673,157,78.4
673,158,52.1
673,159,66.1
673,150,34.5
676,151,77.6
676,152,82.0
676,153,58.8
676,155,73.2
676,156,83.9
676,157,91.9
676,158,70.6
676,159,62.7
676,150,89.4
685,151,76.0
685,152,48.1
685,153,71.8
685,154,77.0
685,155,55.2
685,156,56.8
685,157,62.8
685,150,83.1
686,153,47.5
686,154,75.4
686,155,73.5
686,156,100.0
686,157,100.0
686,158,95.2
686,150,85.3
695,152,90.7
695,154,71.9
695,155,64.2
695,156,49.1
695,157,73.7
695,158,56.6
695,159,54.2
695,150,64.4
699,151,81.4
699,152,48.4
699,154,56.6
699,155,75.3
699,156,68.8
699,157,70.5
699,159,66.3
699,150,88.4
710,151,90.8
710,153,62.8
710,154,57.7
710,155,59.5
710,156,75.1
710,157,74.7
710,158,71.7
711,151,67.4
711,153,63.8
711,154,74.8
711,155,35.5
711,159,49.8
711,150,62.4
712,151,73.3
712,153,64.2
712,156,33.4
712,157,84.6
712,158,85.2
712,159,84.8
715,151,69.5
715,152,83.4
715,154,75.8
715,155,100.0
715,158,39.3
715,159,80.0
715,150,84.1
718,151,71.3
718,152,85.5
718,153,75.8
718,154,73.7
718,155,83.5
718,156,82.9
718,157,66.9
718,158,57.4
718,150,56.7
719,153,50.2
719,154,71.7
719,155,69.8
719,156,63.8
719,157,78.1
719,150,78.9
738,151,61.5
738,154,59.3
738,155,68.4
738,156,60.7
738,157,91.1
738,159,66.9
738,150,96.6
752,151,86.8
752,152,79.2
752,154,61.5
752,156,54.6
752,158,71.1
752,159,87.5
752,150,62.8
755,153,100.0
755,154,61.7
755,156,70.0
755,158,60.6
755,150,61.7
756,151,64.9
756,152,97.5
756,153,68.0
756,156,78.8
756,157,84.4
756,158,79.3
756,150,80.3
766,151,84.9
766,152,94.1
766,153,67.4
766,154,80.6
766,158,62.9
766,150,87.7
767,151,46.5
767,152,59.6
767,153,64.2
767,154,72.3
767,155,52.9
767,156,71.5
767,157,58.4
767,158,72.6
767,159,77.6
772,151,74.9
772,152,74.4
772,153,66.9
772,155,78.7
772,157,90.5
772,159,81.1
772,150,83.6
778,151,59.2
778,152,71.4
778,153,82.7
778,154,56.4
778,158,58.9
778,150,71.4
780,151,57.7
780,157,64.7
780,159,52.7
780,150,66.6
782,151,77.0
782,152,74.3
782,153,74.1
782,154,56.0
782,155,53.1
782,156,86.8
782,157,42.2
789,151,41.9
789,152,67.7
789,153,73.4
789,154,61.0
789,155,80.5
789,156,62.2
789,157,75.2
789,158,72.0
789,159,66.8
796,151,79.2
796,153,68.5
796,154,81.4
796,155,66.5
796,156,66.9
796,157,52.9
796,158,85.8
796,159,79.2
796,150,69.3
797,151,72.6
797,152,80.9
797,153,72.0
797,154,48.0
797,159,59.1
808,151,64.8
808,152,88.8
808,154,67.9
808,155,56.3
808,156,48.3
808,157,64.8
808,158,70.3
808,159,62.7
808,150,70.4
812,152,71.7
812,154,53.2
812,155,75.3
812,157,48.4
812,158,62.3
812,159,57.5
812,150,100.0
844,151,75.6
844,152,42.4
844,153,52.6
844,154,90.5
844,155,85.1
844,156,69.8
844,158,80.2
844,159,45.6
844,150,69.0
849,151,76.1
849,152,91.8
849,154,50.9
849,155,88.3
849,156,46.8
849,157,54.2
849,158,45.6
849,159,56.1
849,150,70.0
852,151,79.9
852,152,56.6
852,153,56.9
852,154,70.2
852,155,58.9
852,156,75.0
852,157,90.6
852,158,55.8
852,150,75.8
867,151,58.8
867,152,53.2
867,153,51.0
867,154,44.4
867,155,96.8
867,157,75.6
867,158,79.6
867,159,93.3
867,150,40.1
870,151,87.2
870,152,46.9
870,154,40.0
870,155,86.7
870,156,52.1
870,158,62.7
886,152,61.6
886,153,88.4
886,155,49.5
886,156,71.7
886,157,57.7
886,158,63.7
886,159,84.3
894,151,74.2
894,153,75.0
894,154,41.6
894,155,46.0
894,156,62.9
894,158,61.8
894,159,79.0
894,150,81.9
898,151,73.0
898,152,83.3
898,154,68.6
898,155,56.3
898,158,66.5
898,159,81.3
898,150,56.2
904,153,64.5
904,154,94.6
904,158,80.8
904,159,85.5
904,150,83.5
924,151,94.6
924,154,80.7
924,157,37.3
924,158,72.4
924,159,94.4
933,152,85.6
933,153,89.3
933,156,78.3
933,157,81.2
933,158,78.0
933,150,60.6
936,151,56.7
936,152,52.6
936,153,72.7
936,154,78.0
936,155,84.8
936,158,92.5
936,150,63.2
944,151,68.1
944,152,68.3
944,153,71.1
944,154,84.9
944,156,54.3
944,159,61.9
949,151,72.7
949,153,80.2
949,154,70.2
949,157,60.9
949,159,67.0
954,151,68.3
954,152,77.3
954,154,58.3
954,155,70.7
954,157,69.6
954,158,52.8
954,150,42.2
958,151,64.3
958,152,80.8
958,153,60.7
958,154,70.1
958,155,51.4
958,156,77.2
958,157,59.7
958,158,44.2
958,159,51.3
958,150,40.0
968,152,65.0
968,156,75.1
968,158,74.4
968,159,100.0
971,151,69.5
971,152,65.4
971,153,81.5
971,154,38.3
971,156,78.0
971,157,85.0
971,158,68.6
971,150,94.8
981,153,80.2
981,155,82.3
981,156,72.8
981,157,54.3
981,159,52.1
981,150,56.3
987,151,82.2
987,152,67.6
987,153,52.2
987,154,59.0
987,155,66.6
987,156,84.6
987,157,65.5
987,159,92.4
987,150,60.3
995,153,89.2
995,154,71.9
995,156,80.9
995,157,64.1
995,158,92.0
995,150,85.9
997,151,87.7
997,154,100.0
997,155,76.6
997,156,83.3
997,157,65.6
997,150,70.9
9,81,79.1
9,82,49.1
9,85,51.4
9,86,46.8
9,89,77.7
9,80,76.9
10,81,65.0
10,85,82.4
10,86,63.5
10,87,57.0
10,89,55.4
10,80,44.9
17,81,39.0
17,83,88.4
17,84,65.5
17,87,87.0
17,89,58.4
17,80,93.5
31,81,46.3
31,83,61.1
31,84,85.2
31,87,70.2
31,88,66.4
31,89,72.2
31,80,64.0
58,81,76.7
58,82,47.7
58,84,71.9
58,85,56.2
58,87,74.3
58,88,63.4
58,80,46.4
64,81,90.7
64,83,71.4
64,84,61.6
64,85,74.2
64,86,76.1
64,87,72.6
64,88,55.6
64,89,82.3
68,81,68.7
68,82,78.1
68,83,48.8
68,85,53.2
68,87,77.3
68,88,81.6
68,89,96.8
78,81,83.6
78,85,79.7
78,86,71.9
78,87,77.2
78,88,61.5
78,80,89.8
90,81,51.7
90,83,57.9
90,84,94.4
90,85,66.5
90,86,77.2
90,87,85.6
90,88,66.8
90,89,35.7
93,83,82.3
93,84,80.0
93,85,64.9
93,88,49.4
93,89,68.3
93,80,86.9
95,81,100.0
95,82,42.8
95,83,96.8
95,84,77.9
95,86,54.5
95,87,58.7
95,88,72.2
95,80,70.1
106,81,80.6
106,82,57.6
106,83,99.4
106,84,66.8
106,86,81.2
106,87,47.0
106,88,71.7
106,89,91.7
107,82,75.4
107,84,63.8
107,87,79.6
107,88,77.6
107,80,44.0
112,81,69.5
112,83,60.0
112,84,74.6
112,85,75.8
112,86,70.8
112,87,48.9
112,88,66.5
112,89,59.2
112,80,46.9
117,81,85.9
117,82,66.3
117,83,70.9
117,86,80.8
117,88,77.1
117,89,83.0
117,80,92.1
122,81,60.8
122,82,65.6
122,83,90.3
122,84,55.8
122,85,66.1
122,86,69.2
122,87,65.3
122,89,59.6
122,80,77.6
130,81,89.6
130,82,72.5
130,83,81.9
130,85,53.7
130,87,63.2
130,88,79.3
130,80,85.2
168,81,64.1
168,84,52.7
168,85,58.7
168,86,46.0
168,87,86.2
170,81,75.4
170,83,67.5
170,84,77.5
170,85,52.5
170,86,66.0
170,87,63.5
170,88,86.5
170,89,72.8
170,80,59.5
179,81,83.2
179,83,71.3
179,84,46.2
179,85,63.8
179,87,55.0
179,88,97.5
199,81,100.0
199,82,68.5
199,83,71.3
199,84,65.7
199,85,83.4
199,86,79.0
199,87,71.9
199,89,67.2
201,81,72.2
201,83,44.8
201,84,75.9
201,86,59.0
201,87,82.3
201,88,83.8
201,89,66.4
201,80,47.9
212,82,76.4
212,84,66.5
212,86,54.8
212,87,93.6
212,89,70.4
212,80,62.2
216,81,60.1
216,83,59.7
216,84,87.7
216,85,60.6
216,86,68.6
216,88,83.1
216,89,87.0
216,80,68.5
228,83,38.8
228,84,55.2
228,85,69.0
228,86,93.3
228,87,83.3
228,88,92.4
228,89,63.2
228,80,78.7
229,82,96.5
229,83,49.3
229,84,89.5
229,86,62.9
229,88,60.9
240,81,63.0
240,82,66.4
240,83,83.6
240,84,100.0
240,85,64.8
240,86,64.3
240,80,81.6
242,81,89.8
242,82,96.1
242,83,64.1
242,85,65.2
242,86,50.3
242,87,61.6
242,88,96.6
242,89,76.6
242,80,73.7
250,81,91.7
250,82,60.4
250,83,44.0
250,85,51.1
250,86,51.1
250,87,98.0
250,88,59.9
250,89,59.1
250,80,66.8
257,83,82.0
257,84,58.5
257,85,76.0
257,87,68.0
257,88,85.6
257,89,77.0
257,80,58.0
265,83,73.2
265,87,39.0
265,89,48.4
267,81,72.5
267,82,83.2
267,83,74.4
267,85,77.1
267,86,68.2
267,87,86.1
267,80,56.3
276,81,56.5
276,83,54.8
276,84,63.9
276,80,65.6
281,81,64.8
281,82,55.0
281,83,60.8
281,84,58.7
281,88,56.5
281,89,59.8
281,80,72.0
302,81,100.0
302,82,48.6
302,83,57.6
302,84,65.9
302,85,54.5
302,86,50.1
302,88,51.0
306,82,97.1
306,83,50.0
306,84,56.1
306,85,54.5
306,87,100.0
306,88,58.9
306,80,70.2
311,81,61.5
311,82,36.0
311,84,87.4
311,85,70.0
311,86,67.7
311,87,69.7
326,81,92.7
326,82,63.8
326,83,68.3
326,84,76.8
326,85,100.0
326,87,79.0
326,88,69.6
326,89,59.6
327,82,65.6
327,84,77.9
327,85,58.1
327,86,64.2
327,87,64.6
327,88,100.0
329,83,87.7
329,84,65.8
329,86,92.3
329,87,76.9
329,88,50.3
329,89,64.7
344,82,64.9
344,83,45.0
344,84,53.4
344,85,68.9
344,88,77.0
349,81,72.9
349,82,72.0
349,83,98.2
349,85,90.2
349,86,55.7
349,80,73.3
362,81,83.5
362,82,87.8
362,85,48.5
362,86,75.9
362,87,70.4
362,89,75.2
362,80,56.8
370,81,64.5
370,82,74.4
370,83,48.7
370,84,67.1
370,86,69.0
370,87,73.8
370,80,72.8
403,82,67.8
403,85,65.8
403,86,78.7
403,87,69.8
403,88,62.7
403,89,37.6
403,80,89.1
409,81,84.9
409,82,86.0
409,84,64.3
409,85,100.0
409,87,83.0
409,88,56.7
409,80,71.0
411,82,44.5
411,84,54.9
411,85,83.3
411,86,91.4
411,89,66.8
411,80,70.2
418,81,72.8
418,83,81.6
418,84,74.5
418,85,67.4
418,86,86.1
418,87,86.9
418,88,57.4
418,89,73.0
418,80,83.7
428,81,74.2
428,82,48.2
428,83,87.3
428,84,58.0
428,86,72.3
428,87,55.3
428,88,75.6
428,89,76.2
428,80,61.8
439,82,74.4
439,84,45.4
439,86,81.2
439,88,84.6
439,89,91.6
439,80,48.4
455,81,78.0
455,82,99.3
455,83,53.2
455,86,100.0
455,87,36.2
455,89,68.8
456,81,87.8
456,83,86.0
456,84,77.5
456,85,56.5
456,86,47.1
456,89,66.5
456,80,51.5
470,81,100.0
470,82,84.6
470,83,92.1
470,84,68.3
470,86,60.4
470,87,56.3
470,89,61.3
501,81,82.6
501,82,67.3
501,83,68.2
501,84,49.9
501,85,79.5
501,86,72.5
501,87,84.7
501,89,83.2
501,80,43.7
530,83,79.3
530,84,69.6
530,85,74.2
530,86,65.2
530,88,60.9
532,81,77.3
532,83,43.6
532,84,51.6
532,85,68.3
532,86,61.8
532,88,96.1
532,89,40.7
532,80,65.1
537,82,74.7
537,84,55.8
537,86,50.3
537,87,78.5
537,88,41.5
537,80,71.0
539,81,81.5
539,82,91.0
539,83,68.9
539,84,84.4
539,85,41.7
539,87,61.7
539,88,70.5
539,89,100.0
539,80,71.2
543,81,56.9
543,83,52.2
543,85,72.6
543,86,64.2
543,87,84.5
543,88,78.4
543,89,71.0
543,80,85.8
544,85,58.0
544,86,54.3
544,88,100.0
544,89,89.3
544,80,38.6
553,82,79.6
553,83,38.4
553,84,85.9
553,85,52.1
553,86,60.4
553,87,74.8
553,88,78.0
553,89,56.5
553,80,79.0
556,83,66.8
556,85,54.3
556,86,87.2
556,88,62.4
556,80,62.2
559,81,76.4
559,85,88.2
559,86,72.5
559,88,85.9
559,89,100.0
578,81,80.9
578,82,67.5
578,84,41.5
578,86,94.2
578,88,78.8
578,89,75.1
578,80,72.3
588,81,43.6
588,82,70.3
588,83,70.3
588,84,62.3
588,85,59.5
588,86,63.4
588,87,68.2
588,80,77.6
596,81,56.3
596,83,73.0
596,84,53.0
596,85,100.0
596,87,71.6
596,88,97.3
596,89,67.1
596,80,46.1
598,82,77.5
598,84,77.1
598,85,55.4
598,88,55.5
598,89,69.4
598,80,67.9
600,81,100.0
600,86,88.3
600,87,63.3
600,89,54.0
600,80,63.4
625,81,68.9
625,82,76.8
625,83,83.2
625,85,91.9
625,87,64.4
625,88,58.4
625,89,58.0
625,80,77.9
639,81,53.4
639,85,63.4
639,86,71.6
639,88,63.3
639,89,39.2
639,80,95.8
642,81,82.4
642,84,83.9
642,85,79.2
642,87,61.2
642,88,62.0
642,89,92.6
650,82,88.7
650,84,77.8
650,85,76.9
650,86,62.7
650,87,84.9
650,88,72.3
650,89,88.0
650,80,55.2
652,81,63.7
652,82,57.5
652,83,65.0
652,84,85.0
652,85,84.8
652,86,85.4
652,88,48.2
660,81,72.7
660,82,85.4
660,83,75.7
660,84,85.9
660,86,49.0
660,87,75.6
660,89,58.6
690,81,50.5
690,82,78.7
690,84,68.8
690,85,62.2
690,86,80.9
690,88,55.0
690,89,77.5
690,80,58.1
693,81,63.5
693,82,71.5
693,83,100.0
693,84,94.0
693,86,47.4
693,87,60.0
693,88,52.6
693,89,47.8
693,80,63.0
717,81,54.8
717,82,76.7
717,83,67.1
717,84,61.4
717,85,77.0
717,87,38.1
717,88,94.5
717,89,92.6
717,80,68.1
722,81,68.4
722,82,74.7
722,83,66.0
722,84,88.2
722,85,75.3
722,87,83.7
722,88,82.5
722,80,50.6
727,81,85.3
727,82,76.7
727,84,71.9
727,85,63.5
727,86,74.4
727,87,68.1
727,88,95.4
727,89,61.5
736,81,53.5
736,82,71.2
736,83,82.3
736,84,69.1
736,86,56.2
736,88,98.9
736,89,30.1
736,80,75.1
748,82,76.7
748,84,73.9
748,85,79.2
748,86,61.8
748,89,37.7
748,80,98.8
762,81,61.0
762,82,12.3
762,83,68.2
762,84,69.5
762,88,47.4
762,89,73.7
762,80,45.6
768,82,44.2
768,84,51.6
768,85,74.3
768,89,78.2
768,80,70.8
769,81,79.1
769,82,77.6
769,83,61.5
769,84,79.2
769,85,75.1
769,86,42.1
769,87,75.4
769,88,67.0
769,89,46.2
769,80,86.7
783,81,77.0
783,82,77.7
783,83,69.9
783,84,49.8
783,87,74.7
783,88,100.0
783,89,73.2
783,80,73.9
788,81,50.0
788,82,62.0
788,83,86.2
788,86,61.0
788,87,61.6
788,88,84.0
788,89,71.2
788,80,59.3
800,81,56.3
800,83,51.4
800,85,90.0
800,86,81.8
800,87,59.2
800,88,75.5
800,89,59.2
800,80,67.8
803,81,65.7
803,83,93.2
803,84,57.7
803,85,72.0
803,86,57.0
803,87,63.3
803,89,58.0
820,81,77.0
820,82,89.6
820,83,49.7
820,84,75.0
820,85,85.1
820,86,63.3
820,87,49.3
820,88,100.0
820,80,97.1
823,81,91.0
823,82,75.7
823,83,71.7
823,86,73.5
823,87,79.2
823,88,75.8
823,80,61.1
831,81,75.2
831,83,89.4
831,84,82.7
831,85,80.8
831,88,77.6
831,89,62.7
831,80,53.9
851,82,54.9
851,83,79.7
851,84,49.3
851,86,95.5
851,88,72.5
851,89,53.0
851,80,92.6
859,81,50.5
859,82,83.1
859,83,59.9
859,85,84.5
859,86,66.6
859,89,78.5
859,80,60.8
862,82,62.8
862,84,88.6
862,88,19.1
862,80,86.4
884,81,77.8
884,82,55.8
884,84,60.5
884,85,52.2
884,86,75.4
884,87,67.8
884,88,54.3
884,80,70.2
892,81,63.1
892,82,32.7
892,83,63.7
892,84,44.7
892,85,97.9
892,87,54.3
892,88,79.6
892,89,80.0
892,80,75.5
893,82,74.2
893,83,68.1
893,84,83.0
893,85,55.1
893,87,64.5
893,88,76.6
893,89,64.0
893,80,67.9
899,81,87.0
899,84,67.3
899,85,51.6
899,86,71.1
899,87,51.0
899,88,87.3
899,89,68.1
909,81,66.8
909,82,73.7
909,83,76.9
909,85,41.9
909,86,55.0
909,87,74.0
909,80,35.4
911,81,78.6
911,84,80.5
911,85,79.7
911,86,67.4
911,87,51.0
911,89,76.6
911,80,71.0
919,82,64.2
919,84,50.0
919,85,79.8
919,86,57.3
921,81,67.3
921,82,63.1
921,83,56.6
921,84,87.0
921,85,80.7
921,86,81.2
921,89,70.2
921,80,84.3
946,81,63.8
946,83,42.8
946,84,87.8
946,85,47.5
946,86,64.3
946,87,61.9
946,88,69.3
946,89,65.3
946,80,85.6
957,81,72.4
957,82,83.5
957,83,59.2
957,86,83.5
957,87,72.2
957,89,79.4
957,80,76.3
961,82,89.1
961,83,61.6
961,84,59.6
961,85,57.0
961,86,59.3
961,87,53.0
961,89,62.3
961,80,73.7
965,81,56.4
965,83,70.8
965,85,82.9
965,86,79.3
965,87,77.2
965,88,52.7
965,89,69.9
965,80,98.1
973,81,74.8
973,82,41.4
973,84,37.5
973,86,47.7
973,87,59.0
973,88,59.5
973,89,51.9
973,80,82.6
977,81,74.6
977,82,82.9
977,83,90.6
977,84,90.7
977,85,60.0
977,86,59.7
977,87,47.1
977,89,100.0
977,80,97.1
991,81,82.1
991,82,62.1
991,83,41.7
991,84,70.6
991,85,56.1
991,86,56.2
991,87,79.2
991,80,58.1
13,111,51.0
13,112,53.3
13,114,79.2
13,115,100.0
13,117,48.1
13,118,74.8
13,119,62.9
13,110,45.0
18,112,48.4
18,113,53.4
18,114,47.4
18,116,89.3
18,117,83.5
18,119,92.4
18,110,93.5
32,111,61.6
32,113,87.3
32,114,57.9
32,118,90.6
32,119,78.5
32,110,84.4
34,111,62.1
34,112,24.3
34,113,90.6
34,114,63.8
34,115,85.0
34,116,50.4
34,117,100.0
34,118,52.7
34,119,54.5
34,110,58.5
39,112,79.1
39,113,46.8
39,115,59.9
39,116,68.1
39,117,94.8
39,118,65.2
39,119,48.9
45,111,42.9
45,112,83.4
45,113,95.4
45,115,84.1
45,117,86.1
45,118,74.9
45,110,80.5
51,111,62.9
51,112,97.0
51,113,90.5
51,115,68.2
51,117,81.5
51,118,83.7
51,119,65.7
51,110,67.4
54,111,49.5
54,112,68.6
54,113,79.2
54,114,90.0
54,116,81.3
54,117,57.7
54,118,82.4
54,119,89.6
54,110,92.1
55,112,68.9
55,113,68.3
55,114,58.4
55,116,47.5
55,117,49.8
55,118,92.9
55,110,100.0
69,111,52.7
69,112,59.9
69,113,74.8
69,115,68.4
69,116,70.0
69,117,77.3
69,118,59.5
69,119,75.7
92,111,71.2
92,112,59.5
92,114,64.5
92,115,71.1
92,116,72.8
92,117,76.5
92,119,58.8
96,112,61.2
96,113,52.6
96,114,82.7
96,117,100.0
96,119,58.0
96,110,54.8
100,112,75.2
100,114,69.0
100,115,71.1
100,116,61.2
100,118,75.3
100,119,84.7
104,111,58.4
104,113,57.0
104,114,57.2
104,116,82.0
104,117,54.8
104,118,74.1
105,111,65.7
105,112,55.1
105,114,79.0
105,117,68.1
105,118,62.7
105,119,96.3
111,112,57.1
111,116,70.2
111,117,53.9
111,118,87.8
111,110,73.3
127,111,81.4
127,113,71.9
127,114,72.5
127,116,93.7
127,119,58.1
155,111,77.5
155,112,65.4
155,113,74.3
155,115,80.9
155,117,64.9
155,118,52.5
155,119,73.1
155,110,70.7
159,113,86.7
159,117,98.7
159,118,65.5
159,119,62.9
172,112,76.1
172,113,68.4
172,114,54.8
172,115,70.5
172,116,36.8
172,117,98.6
172,119,57.6
172,110,45.6
174,111,72.3
174,113,74.5
174,114,68.3
174,115,75.6
174,116,41.8
174,117,67.7
186,111,59.8
186,113,68.0
186,114,100.0
186,115,55.0
186,116,66.1
186,117,73.6
190,111,79.6
190,112,53.2
190,114,77.5
190,115,50.2
190,116,68.0
190,118,41.7
190,110,83.5
195,111,91.3
195,112,71.8
195,113,100.0
195,114,86.3
195,115,70.5
195,117,67.4
195,118,82.5
195,119,61.7
198,111,82.7
198,113,69.9
198,116,76.1
198,117,46.8
198,119,58.9
206,111,59.5
206,112,96.7
206,115,80.3
206,116,65.8
206,118,57.1
206,119,49.4
206,110,69.8
208,112,44.8
208,113,50.8
208,114,72.6
208,117,48.6
208,118,67.8
208,119,53.9
208,110,66.3
210,111,39.6
210,112,70.3
210,114,74.9
210,117,85.7
210,118,29.7
210,119,75.6
210,110,65.9
211,111,66.1
211,113,74.1
211,116,75.1
211,117,41.0
211,118,71.2
211,119,75.1
218,111,71.6
218,112,80.4
218,113,79.5
218,114,97.5
218,115,79.9
218,116,89.4
218,117,61.0
218,119,62.7
219,111,76.2
219,115,67.8
219,118,75.0
219,119,60.4
219,110,76.6
241,111,64.0
241,112,88.3
241,115,64.6
241,116,61.5
241,118,79.5
241,110,67.6
247,114,58.6
247,116,76.2
247,117,62.4
247,118,42.9
247,119,72.6
247,110,80.5
252,111,76.2
252,112,58.0
252,113,51.3
252,114,71.6
252,115,88.6
252,116,68.6
252,117,70.6
252,118,53.3
252,119,60.2
253,111,50.3
253,112,68.3
253,113,69.8
253,114,78.5
253,116,85.7
253,117,71.0
253,118,51.5
253,119,75.5
261,111,83.9
261,112,55.5
261,113,70.4
261,115,85.6
261,117,85.3
261,118,61.6
261,119,60.0
261,110,95.6
270,111,73.0
270,113,87.3
270,114,77.3
270,115,65.9
270,119,70.9
270,110,83.3
272,111,33.1
272,114,85.0
272,116,32.8
272,117,62.1
272,118,85.5
272,119,74.9
272,110,56.6
273,111,90.9
273,113,67.7
273,114,57.3
273,115,75.6
273,117,58.6
273,118,53.1
273,119,44.2
286,111,62.5
286,112,56.4
286,113,64.6
286,114,72.6
286,115,52.5
286,116,61.4
286,117,54.3
286,118,75.9
286,119,62.7
289,112,54.8
289,113,98.9
289,114,53.2
289,115,83.2
289,116,76.1
289,118,82.8
289,119,85.2
291,111,84.1
291,112,62.0
291,113,55.8
291,114,75.9
291,115,81.3
291,117,95.4
291,118,68.7
291,119,78.4
291,110,63.5
298,111,86.3
298,112,60.1
298,113,66.6
298,114,81.1
298,115,75.6
298,116,64.4
298,117,58.1
309,111,61.7
309,112,66.0
309,113,99.8
309,114,76.6
309,115,65.3
309,118,59.5
309,119,90.4
309,110,63.2
312,111,84.5
312,112,55.5
312,113,81.6
312,114,59.6
312,115,93.3
312,117,88.9
312,118,67.9
312,110,54.7
313,111,87.4
313,112,76.7
313,114,49.5
313,115,65.6
313,116,48.3
313,117,82.7
313,118,42.3
313,119,76.1
322,112,49.6
322,113,77.5
322,115,58.2
322,118,58.1
322,119,41.8
322,110,64.4
333,111,56.9
333,112,84.1
333,113,52.9
333,114,52.6
333,115,54.4
333,116,61.3
333,117,97.1
333,118,71.3
333,110,70.5
335,111,48.2
335,112,65.0
335,113,59.4
335,114,94.4
335,115,56.3
335,116,93.0
335,117,82.9
335,118,61.4
347,111,76.9
347,115,60.9
347,116,100.0
347,118,70.6
347,119,48.4
347,110,68.3
351,111,77.8
351,112,66.2
351,113,82.6
351,114,69.5
369,113,82.3
369,114,64.0
369,115,44.7
369,116,81.0
369,117,80.3
369,119,69.7
369,110,70.1
371,114,73.4
371,118,55.9
371,110,84.7
376,111,100.0
376,112,80.1
376,113,59.6
376,114,77.4
376,115,78.6
376,117,43.1
376,118,73.8
376,119,83.1
384,112,79.2
384,113,72.7
384,116,73.9
384,118,62.7
390,111,85.1
390,116,86.2
390,117,72.9
390,118,70.1
390,110,52.1
404,111,65.3
404,112,80.2
404,114,71.2
404,115,64.9
404,116,55.5
404,117,94.4
404,118,62.3
404,119,82.5
405,111,56.1
405,112,53.0
405,114,74.8
405,116,78.2
405,117,69.8
405,119,94.1
405,110,72.0
416,111,85.9
416,113,57.2
416,115,65.4
416,118,80.0
416,119,55.3
426,111,64.2
426,112,67.3
426,113,73.9
426,115,71.6
426,116,51.4
426,118,67.0
426,119,53.0
426,110,84.4
444,113,57.7
444,114,70.0
444,115,68.9
444,116,74.4
444,118,97.3
444,119,79.6
444,110,77.6
447,113,42.2
447,115,61.6
447,116,81.5
447,118,52.1
447,110,49.9
448,113,61.4
448,114,66.5
448,115,60.8
448,116,77.9
448,117,74.3
448,119,77.9
448,110,45.7
459,113,69.9
459,114,66.7
459,116,54.8
459,117,94.1
459,118,98.9
459,110,86.2
463,111,66.6
463,112,68.2
463,118,86.1
463,119,97.1
463,110,59.1
473,111,78.9
473,115,90.7
473,116,41.3
473,117,81.7
473,118,79.2
473,119,64.0
473,110,56.4
476,111,64.7
476,112,72.6
476,115,58.2
476,116,66.6
476,117,70.5
476,118,40.9
476,119,68.8
476,110,84.8
479,111,63.1
479,112,88.0
479,113,84.5
479,114,73.9
479,115,70.5
479,116,64.4
479,118,76.2
479,119,60.5
479,110,49.8
484,112,48.5
484,114,71.1
484,116,88.1
484,119,62.0
493,112,74.0
493,113,78.8
493,114,74.6
493,115,100.0
493,116,51.6
493,117,70.4
493,119,79.3
502,111,62.2
502,112,47.4
502,113,62.1
502,114,65.5
502,115,88.0
502,116,81.2
502,118,66.7
502,119,68.4
502,110,59.3
508,111,38.0
508,113,57.2
508,114,92.1
508,116,50.3
508,117,58.3
508,119,61.5
509,111,71.1
509,112,94.1
509,113,52.6
509,114,89.5
509,116,88.1
509,110,79.4
512,112,84.2
512,113,54.6
512,116,63.6
512,117,95.9
512,118,75.3
512,119,46.5
516,111,78.1
516,112,68.8
516,113,83.2
516,114,91.5
516,115,66.2
516,116,85.4
516,117,60.5
516,118,85.0
516,110,56.8
533,113,67.8
533,114,100.0
533,116,66.5
533,117,76.6
533,119,77.7
533,110,60.0
535,111,86.1
535,112,74.1
535,115,80.7
535,116,61.6
535,117,64.9
535,118,92.6
535,119,77.1
585,111,47.2
585,113,90.2
585,114,58.5
585,115,46.5
585,116,61.6
585,117,67.8
585,118,50.5
585,119,52.0
587,111,89.8
587,112,71.4
587,114,88.9
587,115,86.4
587,116,80.2
587,117,70.6
592,112,68.8
592,114,75.1
592,115,77.5
592,116,77.7
592,117,60.6
592,118,60.7
602,111,59.5
602,112,63.4
602,114,71.8
602,117,68.9
602,118,56.5
602,119,63.1
602,110,85.8
605,111,77.2
605,112,71.9
605,113,75.1
605,115,86.6
605,116,80.6
605,117,78.9
605,118,65.1
605,110,60.3
611,113,76.4
611,116,95.3
611,117,60.2
611,118,52.4
611,119,52.3
611,110,72.4
613,111,78.2
613,112,72.1
613,113,95.7
613,114,75.9
613,115,76.8
613,116,60.7
613,117,66.2
613,118,55.2
613,110,64.0
617,111,60.2
617,112,99.5
617,113,63.6
617,114,68.3
617,115,70.5
617,116,86.9
617,119,100.0
620,111,100.0
620,112,73.5
620,113,98.0
620,114,57.1
620,116,60.6
620,117,57.8
620,119,60.9
621,112,80.3
621,113,79.4
621,114,61.2
621,115,92.4
621,116,49.6
621,118,83.2
624,112,53.5
624,113,67.7
624,115,69.1
624,110,79.9
629,111,72.5
629,112,79.6
629,113,66.4
629,115,74.9
629,116,75.0
629,118,69.3
629,110,88.4
630,114,52.2
630,115,64.4
630,116,58.9
630,118,67.8
630,119,65.5
630,110,88.8
631,112,66.8
631,113,70.4
631,114,66.4
631,116,52.5
631,117,56.7
631,118,68.4
631,119,82.4
631,110,97.4
672,111,84.4
672,113,58.6
672,114,64.8
672,115,83.0
672,117,59.5
672,118,65.7
672,119,54.6
672,110,53.6
678,111,64.3
678,112,57.4
678,113,32.1
678,116,66.4
678,117,87.4
678,118,56.7
678,110,76.9
680,111,60.6
680,112,83.9
680,113,67.9
680,114,77.3
680,115,76.4
680,116,69.8
680,117,47.4
680,119,54.6
680,110,67.9
684,111,96.5
684,112,81.9
684,113,55.7
684,114,54.0
684,115,56.7
684,117,43.7
684,110,66.4
687,111,70.9
687,112,58.6
687,114,50.0
687,115,87.7
687,116,69.6
687,117,77.6
687,119,93.6
687,110,83.8
689,113,79.0
689,117,81.2
689,118,78.9
694,111,57.9
694,113,68.6
694,114,61.3
694,115,93.0
694,117,74.7
694,118,73.8
694,119,85.7
694,110,66.8
697,111,69.4
697,112,64.0
697,113,83.0
697,114,85.3
697,117,71.5
697,110,84.7
723,111,90.3
723,112,37.3
723,114,71.9
723,115,62.5
723,116,64.0
732,111,63.8
732,112,59.8
732,114,94.1
732,115,49.0
732,116,100.0
732,118,71.1
732,119,51.1
744,111,66.8
744,112,85.5
744,113,71.6
744,114,78.1
744,115,88.4
744,116,62.6
744,117,63.2
744,118,69.6
744,119,56.3
744,110,85.2
753,111,69.1
753,113,100.0
753,114,65.8
753,115,82.5
753,116,68.9
753,118,49.4
753,119,52.3
753,110,89.6
754,111,100.0
754,112,66.5
754,116,68.2
754,117,71.3
754,119,45.9
754,110,68.8
760,111,70.8
760,112,58.3
760,113,87.7
760,114,79.8
760,116,96.3
760,118,64.5
760,119,80.8
760,110,76.2
774,112,55.8
774,113,75.5
774,114,68.0
774,115,67.4
774,116,56.2
774,118,91.0
774,119,69.9
774,110,61.4
781,111,76.2
781,113,47.4
781,114,79.1
781,115,73.2
781,116,75.7
781,117,48.2
781,118,65.1
781,110,60.8
801,113,44.2
801,114,63.9
801,116,85.1
801,118,72.6
801,119,77.1
801,110,90.7
813,111,77.9
813,112,85.4
813,113,62.6
813,114,70.1
813,115,57.7
813,116,48.5
813,117,42.8
813,118,71.6
813,119,74.6
814,111,85.3
814,112,74.9
814,113,52.8
814,115,58.5
814,116,42.3
814,119,59.9
814,110,68.6
816,111,44.9
816,112,30.4
816,113,75.2
816,114,52.5
816,117,69.3
816,118,78.2
816,119,52.4
816,110,41.0
821,111,73.5
821,112,50.1
821,113,69.8
821,114,83.2
821,115,78.7
821,116,75.8
821,119,71.7
822,111,78.4
822,112,64.6
822,114,66.4
822,116,79.2
822,117,68.4
822,118,61.7
822,119,66.5
829,111,55.2
829,112,52.5
829,114,69.2
829,116,50.7
829,117,53.8
829,118,66.8
829,119,56.8
829,110,79.7
835,111,64.6
835,112,64.1
835,113,75.8
835,115,66.6
835,116,84.8
835,117,56.7
835,119,55.6
835,110,80.6
843,111,100.0
843,112,75.3
843,113,64.7
843,114,72.8
843,115,75.2
843,116,53.2
843,118,61.0
843,119,53.2
860,113,82.8
860,114,68.3
860,117,77.9
860,118,41.5
860,119,92.9
873,111,76.7
873,112,77.0
873,113,80.6
873,114,84.6
873,115,45.8
873,117,75.3
873,118,88.3
881,112,84.7
881,114,88.6
881,115,46.5
881,116,67.8
881,119,58.9
881,110,51.3
885,111,50.8
885,112,32.9
885,113,62.4
885,114,89.7
885,115,57.8
885,118,66.4
885,110,68.0
889,111,100.0
889,112,56.7
889,113,51.9
889,114,75.8
889,119,67.9
889,110,76.3
902,111,72.6
902,112,55.9
902,113,66.9
902,115,48.2
902,116,78.7
902,117,55.1
902,118,84.7
902,119,66.6
902,110,71.7
914,112,47.3
914,113,65.3
914,114,68.8
914,115,58.7
914,117,60.8
914,118,56.9
914,119,78.1
914,110,96.3
917,113,81.4
917,115,67.6
917,116,98.5
917,118,52.7
917,119,53.8
917,110,59.1
922,111,69.0
922,112,65.7
922,113,92.6
922,114,74.2
922,115,42.9
922,116,57.8
922,117,56.9
922,118,77.3
922,119,89.5
922,110,88.0
927,111,67.3
927,114,77.0
927,116,84.0
927,117,78.7
927,119,79.0
931,111,75.2
931,112,70.9
931,115,79.8
931,116,89.9
931,117,64.1
931,118,63.4
931,119,69.8
931,110,60.8
945,112,75.6
945,115,69.0
945,116,65.4
945,117,89.1
945,118,74.2
945,119,100.0
945,110,73.8
948,111,41.1
948,112,92.6
948,114,61.4
948,116,70.3
948,117,63.3
955,111,68.4
955,112,79.4
955,113,58.7
955,115,78.1
955,116,36.2
955,117,66.1
955,118,45.8
955,119,48.4
976,112,88.5
976,113,73.5
976,115,66.7
976,117,27.6
976,118,90.3
976,110,74.4
980,111,73.6
980,112,73.2
980,113,56.0
980,114,42.8
980,115,73.6
980,116,61.2
980,117,46.8
980,119,87.5
980,110,73.3
996,112,49.4
996,113,75.0
996,114,65.2
996,116,60.5
996,117,63.0
996,118,76.1
996,110,59.5
190,115,60.3
413,91,63.9
230,152,83.1
917,119,79.9
309,112,59.6
717,84,88.0
756,153,86.8
131,76,64.1
915,136,37.4
866,98,74.4
971,152,60.7
202,99,56.1
157,73,33.6
157,79,76.9
64,88,65.9
409,87,59.5
420,153,66.6
309,115,65.6
261,112,61.5
660,84,38.8
403,89,93.9
448,117,70.5
683,132,57.5
646,135,78.3
958,156,65.1
909,86,68.3
663,78,80.6
277,71,92.6
121,134,66.1
717,82,59.2
251,132,59.9
941,95,49.2
409,81,73.2
854,110,78.4
674,114,45.7
708,73,62.5
203,158,67.7
395,78,72.1
397,70,62.8
864,75,73.5
659,96,64.2
728,135,77.8
448,113,100.0
32,119,68.1
342,151,51.8
294,137,64.5
350,157,62.3
733,75,53.1
376,117,93.9
329,86,62.2
255,153,99.4
819,79,54.9
991,85,70.6
884,84,50.0
57,132,100.0
775,138,81.1
246,151,67.5
717,82,54.6
316,150,79.0
69,119,70.9
370,86,66.7
5,135,68.9
646,131,65.6
914,115,69.7
927,114,65.0
105,118,73.8
834,92,100.0
519,71,77.5
848,117,71.9
772,152,66.1
545,79,77.0
135,111,98.3
932,93,74.3
424,94,66.2
34,110,60.2
75,71,64.0
52,118,82.0
769,87,59.2
590,138,97.0
933,157,81.5
890,131,71.9
502,114,70.5
369,114,65.6
247,114,77.4
802,93,70.9
443,78,30.3
186,114,93.4
894,151,69.1
767,157,64.2
723,111,76.6
174,117,64.6
854,118,96.0
128,110,61.1
603,119,61.2
119,130,78.2
316,156,69.9
62,138,48.9
15,158,72.7
596,80,49.2
78,87,74.0
573,94,60.1
518,151,51.8
92,114,47.7
385,91,74.4
625,87,61.6
640,70,40.4
639,86,93.7
654,155,82.0
231,133,69.5
572,159,61.9
582,119,80.5
288,139,55.7
583,96,70.3
288,139,46.1
973,89,64.9
325,74,60.8
541,97,79.3
176,155,63.9
925,137,88.9
894,158,38.5
779,137,77.0
13,111,75.3
237,97,65.7
183,118,76.8
411,89,70.2
112,85,66.6
905,114,55.1
297,110,66.7
664,150,69.7
998,93,73.6
250,81,93.3
168,84,50.4
107,88,64.7
594,115,59.5
288,139,69.5
352,93,51.9
627,155,86.3
738,150,53.6
213,138,68.1
514,118,64.2
615,115,59.5
982,94,61.7
674,110,87.5
845,91,77.7
99,71,87.8
992,134,75.0
555,152,45.5
44,76,73.5
219,111,77.6
176,151,72.5
170,84,99.0
201,89,86.6
95,87,93.2
50,118,84.2
845,99,87.0
74,138,87.9
777,110,100.0
531,112,64.3
831,84,63.3
38,90,56.0
212,84,76.6
769,80,72.6
661,99,54.7
588,83,55.3
526,75,83.4
644,134,87.4
35,111,85.0
476,117,71.1
328,110,71.6
73,99,77.0
697,112,68.0
278,75,41.8
953,72,65.1
578,86,82.2
527,76,57.2
249,117,100.0
733,77,100.0
615,112,66.4
73,97,82.0
718,158,88.5
315,110,56.8
273,115,52.6
885,111,78.6
196,155,70.5
335,117,54.5
360,78,85.0
813,115,64.4
362,82,68.0
292,152,89.0
707,90,98.5
687,119,76.3
618,73,75.4
285,112,64.3
386,90,61.0
915,139,63.9
152,156,64.7
418,87,75.5
679,131,72.9
550,135,69.0
148,96,92.5
344,82,81.5
669,97,84.8
972,72,68.3
185,154,45.5
606,96,79.6
853,116,75.4
43,116,69.8
648,157,58.8
86,111,53.5
556,85,61.0
418,83,56.6
153,111,61.1
506,79,49.5
669,91,74.0
775,138,52.4
853,118,75.6
824,96,90.8
596,87,70.5
711,154,93.0
582,111,66.9
147,155,48.7
690,88,72.0
492,112,83.7
200,73,73.9
710,158,57.8
139,70,88.1
530,85,78.6
305,156,68.9
777,113,36.9
214,90,64.2
26,111,71.3
544,85,96.8
383,136,51.7
823,82,62.8
286,111,83.0
207,159,95.9
877,91,85.0
834,92,66.5
683,131,75.7
401,132,39.9
173,117,59.2
634,130,77.5
352,99,59.7
884,84,86.6
977,83,82.8
82,114,98.9
442,132,70.0
282,94,55.4
629,115,75.2
452,115,81.5
277,79,62.4
489,91,54.0
993,90,90.3
406,137,76.2
296,76,83.9
48,70,63.8
895,95,100.0
44,77,61.4
494,136,56.0
7,153,75.7
95,86,70.6
393,159,84.0
1000,119,43.5
714,92,70.0
769,86,100.0
369,117,59.3
603,119,58.7
745,99,68.5
545,71,66.1
962,133,57.5
310,97,73.8
674,110,59.1
266,117,60.5
323,135,85.9
438,74,78.6
98,111,73.6
958,153,78.2
228,85,83.2
360,76,66.1
407,112,67.8
282,93,39.1
122,86,76.5
282,94,65.5
605,110,79.8
489,93,72.6
618,78,96.0
346,90,73.0
742,112,85.6
42,79,65.9
984,79,55.3
3,76,47.0
794,112,61.8
97,118,60.6
280,159,74.8
980,116,51.8
381,91,68.6
538,154,57.3
652,86,80.4
383,131,67.2
650,88,87.0
780,157,87.7
168,84,60.9
69,112,64.9
712,151,75.8
684,113,72.7
674,111,92.0
223,79,71.2
513,133,62.8
403,82,65.9
662,77,68.0
170,81,62.4
293,110,53.4
84,95,63.6
21,156,57.8
563,79,88.1
415,75,52.8
757,133,75.0
866,99,63.8
38,93,80.4
864,73,48.9
543,86,56.8
280,151,61.4
5,137,87.9
648,150,44.3
13,115,52.9
325,70,67.2
210,111,81.6
546,157,78.3
251,139,84.3
796,156,65.9
873,112,66.0
322,115,59.8
455,89,71.5
704,92,67.6
197,96,75.3
376,113,47.2
665,111,83.3
777,117,59.7
859,83,87.5
973,82,81.1
380,154,98.5
733,77,71.1
250,87,76.6
248,113,74.0
958,154,69.4
76,76,48.7
535,118,74.3
165,158,81.1
66,154,71.0
260,112,51.9
109,76,73.2
399,111,92.3
799,139,54.6
551,75,65.8
335,115,65.8
890,130,61.8
51,112,84.1
631,114,47.1
192,111,63.3
658,119,52.6
117,88,93.3
346,91,63.8
733,75,61.4
75,79,60.2
11,96,60.2
815,119,76.1
273,118,86.8
63,90,75.7
907,131,100.0
238,112,77.6
295,156,66.9
929,113,39.4
426,118,100.0
890,138,66.2
970,94,84.9
619,110,61.8
657,77,77.2
51,117,60.3
576,132,84.8
76,76,84.3
367,78,46.5
243,113,77.7
41,72,59.2
946,84,43.9
407,117,82.0
645,131,66.8
170,86,79.3
62,137,53.2
915,131,84.5
551,73,64.0
231,133,62.8
81,98,58.1
370,83,71.3
572,155,59.8
794,117,87.8
104,111,78.4
62,130,65.6
578,88,60.3
387,113,68.7
497,132,90.4
890,133,69.4
998,94,51.3
446,136,65.8
362,82,66.5
650,86,66.7
196,157,66.6
128,113,76.5
679,138,60.4
216,89,62.4
77,73,57.4
613,114,93.1
476,118,75.2
794,111,79.2
655,110,79.4
699,152,79.1
886,152,84.3
597,74,82.6
622,131,69.5
655,114,80.6
310,90,67.0
763,74,58.5
958,151,66.4
203,159,73.1
190,116,84.9
202,99,66.0
461,111,78.8
667,151,39.8
209,96,54.4
244,119,68.8
19,98,100.0
569,137,61.6
940,133,65.0
471,118,63.5
749,98,96.6
389,97,58.6
407,112,62.3
834,91,66.8
228,87,67.0
209,91,58.2
173,114,56.8
956,90,78.7
690,84,84.4
324,97,39.9
298,111,64.9
280,156,100.0
955,112,91.8
640,73,86.2
109,71,70.8
249,110,72.5
289,118,69.6
640,71,55.2
447,113,77.3
653,138,50.3
639,85,55.8
950,116,76.5
583,96,57.6
333,114,53.1
19,96,61.7
656,94,49.5
652,83,56.5
304,72,84.0
396,110,78.5
33,150,61.5
914,113,64.9
18,114,82.0
61,115,74.5
668,136,45.3
729,77,42.0
618,70,66.4
472,90,38.6
663,78,86.0
853,112,42.9
449,113,69.8
632,116,67.3
164,155,28.9
727,84,44.0
207,152,45.1
674,118,55.1
372,158,58.3
375,97,74.3
807,115,91.1
318,114,82.0
516,112,82.9
450,156,84.6
557,96,52.3
386,98,83.7
834,92,64.0
555,150,100.0
922,112,80.1
923,90,54.7
19,98,79.7
277,74,71.9
321,137,71.2
246,155,83.7
55,114,65.8
456,89,72.1
605,117,73.6
551,77,54.4
853,117,54.5
419,158,71.0
494,136,85.7
991,87,74.5
854,111,67.7
255,153,81.9
425,137,49.8
736,89,71.3
739,115,77.9
65,135,59.8
333,115,66.4
572,153,64.3
419,158,83.8
673,159,67.5
71,99,50.5
447,115,80.9
781,114,71.8
471,117,68.1
471,117,86.1
469,155,60.4
653,133,77.6
312,113,95.0
294,136,70.7
834,95,40.0
695,152,68.7
230,159,76.2
759,137,53.5
965,87,67.3
329,83,68.0
781,114,74.3
791,135,59.2
30,77,96.0
933,153,67.5
237,91,62.6
223,78,72.8
45,112,78.5
477,114,55.6
139,71,70.2
742,111,83.4
62,133,58.6
969,137,79.8
660,81,70.9
178,139,100.0
440,138,67.0
88,150,73.1
52,117,59.5
106,82,85.2
212,87,62.4
795,99,53.6
652,88,82.4
728,133,76.3
280,152,60.0
240,84,78.9
112,80,87.8
886,159,47.0
501,87,81.8
66,152,54.9
906,117,63.3
165,159,55.9
275,138,48.3
813,117,44.8
557,96,64.3
375,99,73.2
995,153,81.3
146,71,84.7
612,95,95.1
508,117,52.2
804,117,89.4
545,72,96.2
484,119,99.2
906,119,69.4
546,158,85.0
910,75,63.1
285,111,60.5
541,97,74.9
164,158,82.1
560,113,65.4
909,80,67.1
562,74,75.1
410,111,86.2
18,112,87.8
600,81,100.0
137,92,77.6
248,115,76.7
3,76,56.7
520,76,58.4
127,111,70.1
623,130,69.4
997,156,68.5
742,117,50.8
395,75,42.3
796,150,82.3
769,87,77.4
191,110,94.5
103,157,75.9
600,80,63.8
911,86,80.7
999,131,87.1
443,74,97.8
48,76,74.5
404,115,72.5
519,74,69.9
439,86,74.7
364,78,77.1
134,158,99.9
202,95,90.4
756,152,71.3
950,113,54.7
367,74,68.8
975,74,58.8
81,94,82.9
756,150,59.4
206,116,93.5
866,97,69.5
20,113,36.1
955,111,65.3
632,113,59.2
754,110,100.0
102,155,84.8
364,78,79.9
563,75,69.2
313,116,82.4
889,114,97.2
272,117,58.5
252,113,52.7
162,135,74.6
912,71,84.1
102,155,47.3
529,153,77.1
751,139,47.5
194,91,68.4
68,87,69.4
32,118,57.7
314,159,65.9
460,98,70.1
34,113,76.4
975,79,55.7
304,78,64.6
592,112,56.6
201,83,85.2
709,90,79.7
547,133,82.5
921,80,74.6
221,92,63.4
723,114,58.5
33,150,58.7
306,80,77.3
769,82,69.8
401,132,60.8
909,83,70.1
892,82,94.9
682,111,91.3
122,84,73.0
893,80,69.8
412,135,74.1
405,117,65.0
913,116,48.3
413,91,41.8
831,81,81.9
471,119,100.0
148,91,74.2
275,139,74.0
561,151,65.6
324,93,69.2
666,114,68.2
745,91,85.4
29,72,93.1
498,138,70.0
129,156,50.0
313,112,33.7
192,113,76.8
240,82,64.7
544,86,45.7
164,156,76.6
791,134,66.6
826,139,92.4
879,115,78.3
456,84,28.0
901,111,70.3
562,74,53.3
763,75,40.3
76,76,72.8
82,114,66.2
814,113,73.1
243,119,67.8
220,119,86.5
98,118,80.9
456,86,70.0
374,79,81.0
672,113,44.2
632,115,64.3
846,90,63.6
125,91,73.6
878,99,47.7
895,97,89.2
505,78,72.6
928,110,48.2
152,156,56.6
538,153,89.3
244,114,58.3
938,70,56.1
207,153,93.1
