{
	"numero_caja": "4",
	"compras": [
		[
			{
				"nombre": "cereal",
				"cantidad": "3",
				"precio_unitario": "4500"
			},
			{
				"nombre": "desinfectante",
				"cantidad": "2",
				"precio_unitario": "3000"
			}
		],
		[
			{
				"nombre": "lechugas",
				"cantidad": "3",
				"precio_unitario": "3000"
			},
			{
				"nombre": "salchichas",
				"cantidad": "2",
				"precio_unitario": "2500"
			},
			{
				"nombre": "pasta de dientes",
				"cantidad": "1",
				"precio_unitario": "3500"
			},
			{
				"nombre": "pan",
				"cantidad": "1",
				"precio_unitario": "3500"
			},
			{
				"nombre": "queso",
				"cantidad": "1",
				"precio_unitario": "4500"
			}
		],
		[
			{
				"nombre": "lechugas",
				"cantidad": "3",
				"precio_unitario": "3000"
			},
			{
				"nombre": "salchichas",
				"cantidad": "2",
				"precio_unitario": "2500"
			},
			{
				"nombre": "pasta de dientes",
				"cantidad": "1",
				"precio_unitario": "3500"
			},
			{
				"nombre": "pepsi",
				"cantidad": "1",
				"precio_unitario": "4000"
			},
			{
				"nombre": "sardinas",
				"cantidad": "1",
				"precio_unitario": "4000"
			},
			{
				"nombre": "salmon",
				"cantidad": "1",
				"precio_unitario": "20000"
			},
			{
				"nombre": "calamares",
				"cantidad": "1",
				"precio_unitario": "4000"
			},
			{
				"nombre": "tocino",
				"cantidad": "1",
				"precio_unitario": "6000"
			}
		],
		[
			{
				"nombre": "pepsi",
				"cantidad": "3",
				"precio_unitario": "4000"
			},
			{
				"nombre": "salchichas",
				"cantidad": "2",
				"precio_unitario": "2500"
			},
			{
				"nombre": "margarina",
				"cantidad": "1",
				"precio_unitario": "3500"
			},
			{
				"nombre": "pan",
				"cantidad": "1",
				"precio_unitario": "3500"
			},
			{
				"nombre": "papas",
				"cantidad": "1",
				"precio_unitario": "4500"
			}
		],
		[
			{
				"nombre": "salchichon",
				"cantidad": "3",
				"precio_unitario": "1500"
			},
			{
				"nombre": "brocoli",
				"cantidad": "2",
				"precio_unitario": "33"
			}
		
				
		],
		[
			{
				"nombre": "sandia",
				"cantidad": "3",
				"precio_unitario": "3000"
			},
			{
				"nombre": "melon",
				"cantidad": "2",
				"precio_unitario": "2500"
			},
			{
				"nombre": "papaya",
				"cantidad": "2",
				"precio_unitario": "5500"
			},
			{
				"nombre": "pera",
				"cantidad": "1",
				"precio_unitario": "3500"
			},
			{
				"nombre": "garbanzos",
				"cantidad": "1",
				"precio_unitario": "4500"
			},
			{
				"nombre": "salsa",
				"cantidad": "3",
				"precio_unitario": "1000"
			}
				
		],
		[
		
			{
				"nombre": "mostaza",
				"cantidad": "3",
				"precio_unitario": "1500"
			},
			{
				"nombre": "brocoli",
				"cantidad": "2",
				"precio_unitario": "33"
			}
		
		],
		[
			{
				"nombre": "trucha",
				"cantidad": "3",
				"precio_unitario": "20000"
			},
			{
				"nombre": "barquillos",
				"cantidad": "2",
				"precio_unitario": "3500"
			},
			{
				"nombre": "tortillas",
				"cantidad": "1",
				"precio_unitario": "2500"
			},
			{
				"nombre": "pescado",
				"cantidad": "1",
				"precio_unitario": "6500"
			},
			{
				"nombre": "pulpo",
				"cantidad": "1",
				"precio_unitario": "11500"
			}
				
		],
		[
			{
				"nombre": "cafe",
				"cantidad": "1",
				"precio_unitario": "7000"
			},
			{
				"nombre": "bolsas",
				"cantidad": "4",
				"precio_unitario": "2500"
			},
			{
				"nombre": "pollo",
				"cantidad": "1",
				"precio_unitario": "5500"
			},
			{
				"nombre": "mantequilla",
				"cantidad": "4",
				"precio_unitario": "4000"
			}
		
		
		],
		[
			{
				"nombre": "huevos",
				"cantidad": "3",
				"precio_unitario": "3000"
			},
			{
				"nombre": "bananos",
				"cantidad": "2",
				"precio_unitario": "2500"
			},
			{
				"nombre": "chocolate",
				"cantidad": "1",
				"precio_unitario": "3500"
			},
			{
				"nombre": "tortillas",
				"cantidad": "4",
				"precio_unitario": "2500"
			},
			{
				"nombre": "vinagre",
				"cantidad": "1",
				"precio_unitario": "4500"
			},
			{
				"nombre": "aderezo",
				"cantidad": "2",
				"precio_unitario": "1000"
			}	
		
		]
	]
}
