{
	"numero_caja": "2",
	"compras": [
		[
			{
				"nombre": "manzana",
				"cantidad": "3",
				"precio_unitario": "22"
			},
			{
				"nombre": "desinfectante",
				"cantidad": "2",
				"precio_unitario": "3000"
			}
		],
		[
			{
				"nombre": "aguacate",
				"cantidad": "1",
				"precio_unitario": "5000"
			},
			{
				"nombre": "salchichas",
				"cantidad": "2",
				"precio_unitario": "2500"
			},
			{
				"nombre": "jugo de naranja",
				"cantidad": "1",
				"precio_unitario": "3500"
			},
			{
				"nombre": "vino",
				"cantidad": "1",
				"precio_unitario": "11000"
			}
		],
		[
			{
				"nombre": "lechugas",
				"cantidad": "3",
				"precio_unitario": "3000"
			},
			{
				"nombre": "salchichas",
				"cantidad": "2",
				"precio_unitario": "2500"
			},
			{
				"nombre": "pasta de dientes",
				"cantidad": "1",
				"precio_unitario": "3500"
			},
			{
				"nombre": "pepsi",
				"cantidad": "1",
				"precio_unitario": "4000"
			},
			{
				"nombre": "aceite de girasol",
				"cantidad": "1",
				"precio_unitario": "3000"
			},
			{
				"nombre": "salmon",
				"cantidad": "1",
				"precio_unitario": "20000"
			},
			{
				"nombre": "calamares",
				"cantidad": "1",
				"precio_unitario": "4000"
			},
			{
				"nombre": "tocino",
				"cantidad": "1",
				"precio_unitario": "6000"
			}
		],
		[
			{
				"nombre": "lechugas",
				"cantidad": "3",
				"precio_unitario": "3000"
			},
			{
				"nombre": "salchichas",
				"cantidad": "2",
				"precio_unitario": "2500"
			},
			{
				"nombre": "pasta de dientes",
				"cantidad": "1",
				"precio_unitario": "3500"
			},
			{
				"nombre": "pan",
				"cantidad": "1",
				"precio_unitario": "3500"
			},
			{
				"nombre": "queso crema",
				"cantidad": "1",
				"precio_unitario": "4500"
			}
		],
		[
			{
				"nombre": "salmon",
				"cantidad": "3",
				"precio_unitario": "20000"
			},
			{
				"nombre": "fresas",
				"cantidad": "2",
				"precio_unitario": "4500"
			},
			{
				"nombre": "cervezas",
				"cantidad": "1",
				"precio_unitario": "6500"
			},
			{
				"nombre": "pan",
				"cantidad": "1",
				"precio_unitario": "3500"
			},
			{
				"nombre": "esparragos",
				"cantidad": "1",
				"precio_unitario": "4500"
			}
				
		],
		[
			{
				"nombre": "rabano",
				"cantidad": "3",
				"precio_unitario": "1000"
			},
			{
				"nombre": "salchichas",
				"cantidad": "2",
				"precio_unitario": "2500"
			},
			{
				"nombre": "enjuague bucal",
				"cantidad": "2",
				"precio_unitario": "5500"
			},
			{
				"nombre": "pan",
				"cantidad": "1",
				"precio_unitario": "3500"
			},
			{
				"nombre": "garbanzos",
				"cantidad": "1",
				"precio_unitario": "4500"
			},
			{
				"nombre": "naranjas",
				"cantidad": "3",
				"precio_unitario": "3000"
			}
				
		],
		[
		
			{
				"nombre": "salchichon",
				"cantidad": "3",
				"precio_unitario": "1500"
			},
			{
				"nombre": "brocoli",
				"cantidad": "2",
				"precio_unitario": "33"
			}
		
		],
		[
			{
				"nombre": "salmon",
				"cantidad": "3",
				"precio_unitario": "20000"
			},
			{
				"nombre": "macarrones",
				"cantidad": "2",
				"precio_unitario": "3500"
			},
			{
				"nombre": "tortillas",
				"cantidad": "1",
				"precio_unitario": "2500"
			},
			{
				"nombre": "pescado",
				"cantidad": "1",
				"precio_unitario": "6500"
			},
			{
				"nombre": "queso",
				"cantidad": "1",
				"precio_unitario": "4500"
			}
				
		],
		[
			{
				"nombre": "aguacate",
				"cantidad": "1",
				"precio_unitario": "5000"
			},
			{
				"nombre": "salchichas",
				"cantidad": "2",
				"precio_unitario": "2500"
			},
			{
				"nombre": "pollo",
				"cantidad": "1",
				"precio_unitario": "5500"
			},
			{
				"nombre": "zanahorias",
				"cantidad": "1",
				"precio_unitario": "2000"
			}
		
		
		],
		[
			{
				"nombre": "lechugas",
				"cantidad": "3",
				"precio_unitario": "3000"
			},
			{
				"nombre": "salchichas",
				"cantidad": "2",
				"precio_unitario": "2500"
			},
			{
				"nombre": "chocolate",
				"cantidad": "1",
				"precio_unitario": "3500"
			},
			{
				"nombre": "tortillas",
				"cantidad": "4",
				"precio_unitario": "2500"
			},
			{
				"nombre": "helado",
				"cantidad": "1",
				"precio_unitario": "4500"
			},
			{
				"nombre": "ciruelas",
				"cantidad": "2",
				"precio_unitario": "1000"
			}	
		
		]
	]
}
