{
	"numero_caja": "1",
	"compras": [
		[
			{
				"nombre": "manzana",
				"cantidad": "3",
				"precio_unitario": "22"
			},
			{
				"nombre": "brocoli",
				"cantidad": "2",
				"precio_unitario": "33"
			}
		],
		[
			{
				"nombre": "aguacate",
				"cantidad": "1",
				"precio_unitario": "5000"
			},
			{
				"nombre": "salchichas",
				"cantidad": "2",
				"precio_unitario": "2500"
			},
			{
				"nombre": "jugo de naranja",
				"cantidad": "1",
				"precio_unitario": "3500"
			},
			{
				"nombre": "vino",
				"cantidad": "1",
				"precio_unitario": "11000"
			}
		],
		[
			{
				"nombre": "lechugas",
				"cantidad": "3",
				"precio_unitario": "3000"
			},
			{
				"nombre": "salchichas",
				"cantidad": "2",
				"precio_unitario": "2500"
			},
			{
				"nombre": "pasta de dientes",
				"cantidad": "1",
				"precio_unitario": "3500"
			},
			{
				"nombre": "coca cola",
				"cantidad": "1",
				"precio_unitario": "4000"
			},
			{
				"nombre": "aceite de oliva",
				"cantidad": "1",
				"precio_unitario": "6000"
			},
			{
				"nombre": "salmon",
				"cantidad": "1",
				"precio_unitario": "20000"
			},
			{
				"nombre": "atun",
				"cantidad": "1",
				"precio_unitario": "4000"
			},
			{
				"nombre": "tocino",
				"cantidad": "1",
				"precio_unitario": "6000"
			}
		],
		[
			{
				"nombre": "lechugas",
				"cantidad": "3",
				"precio_unitario": "3000"
			},
			{
				"nombre": "salchichas",
				"cantidad": "2",
				"precio_unitario": "2500"
			},
			{
				"nombre": "pasta de dientes",
				"cantidad": "1",
				"precio_unitario": "3500"
			},
			{
				"nombre": "pan",
				"cantidad": "1",
				"precio_unitario": "3500"
			},
			{
				"nombre": "queso",
				"cantidad": "1",
				"precio_unitario": "4500"
			}
		],
		[
			{
				"nombre": "salmon",
				"cantidad": "3",
				"precio_unitario": "20000"
			},
			{
				"nombre": "leche",
				"cantidad": "2",
				"precio_unitario": "4500"
			},
			{
				"nombre": "cervezas",
				"cantidad": "1",
				"precio_unitario": "6500"
			},
			{
				"nombre": "pan",
				"cantidad": "1",
				"precio_unitario": "3500"
			},
			{
				"nombre": "queso",
				"cantidad": "1",
				"precio_unitario": "4500"
			}
				
		],
		[
			{
				"nombre": "lechugas",
				"cantidad": "3",
				"precio_unitario": "3000"
			},
			{
				"nombre": "salchichas",
				"cantidad": "2",
				"precio_unitario": "2500"
			},
			{
				"nombre": "pasta de dientes",
				"cantidad": "1",
				"precio_unitario": "3500"
			},
			{
				"nombre": "pan",
				"cantidad": "1",
				"precio_unitario": "3500"
			},
			{
				"nombre": "almendras",
				"cantidad": "1",
				"precio_unitario": "4500"
			},
			{
				"nombre": "naranjas",
				"cantidad": "3",
				"precio_unitario": "3000"
			}
				
		],
		[
		
			{
				"nombre": "repollo",
				"cantidad": "3",
				"precio_unitario": "200"
			},
			{
				"nombre": "brocoli",
				"cantidad": "2",
				"precio_unitario": "33"
			}
		
		],
		[
			{
				"nombre": "salmon",
				"cantidad": "3",
				"precio_unitario": "20000"
			},
			{
				"nombre": "leche",
				"cantidad": "2",
				"precio_unitario": "4500"
			},
			{
				"nombre": "tortillas",
				"cantidad": "1",
				"precio_unitario": "2500"
			},
			{
				"nombre": "pan",
				"cantidad": "1",
				"precio_unitario": "3500"
			},
			{
				"nombre": "queso",
				"cantidad": "1",
				"precio_unitario": "4500"
			}
				
		],
		[
			{
				"nombre": "aguacate",
				"cantidad": "1",
				"precio_unitario": "5000"
			},
			{
				"nombre": "salchichas",
				"cantidad": "2",
				"precio_unitario": "2500"
			},
			{
				"nombre": "Tequila",
				"cantidad": "1",
				"precio_unitario": "9500"
			},
			{
				"nombre": "vino",
				"cantidad": "1",
				"precio_unitario": "11000"
			}
		
		
		],
		[
			{
				"nombre": "lechugas",
				"cantidad": "3",
				"precio_unitario": "3000"
			},
			{
				"nombre": "salchichas",
				"cantidad": "2",
				"precio_unitario": "2500"
			},
			{
				"nombre": "chocolate",
				"cantidad": "1",
				"precio_unitario": "3500"
			},
			{
				"nombre": "pan",
				"cantidad": "1",
				"precio_unitario": "3500"
			},
			{
				"nombre": "helado",
				"cantidad": "1",
				"precio_unitario": "4500"
			},
			{
				"nombre": "naranjas",
				"cantidad": "3",
				"precio_unitario": "3000"
			}	
		
		]
	]
}
