1,Person1LastName1,Administracion de Empresas
2,Person2LastName2,Biotecnologia
3,Person3LastName3,Electromecanica
4,Person4LastName4,Mecanica
5,Person5LastName5,Administracion de Empresas
6,Person6LastName6,Biotecnologia
7,Person7LastName7,Electrica
8,Person8LastName8,Electrica
9,Person9LastName9,Mecanica
10,Person10LastName10,Electronica
11,Person11LastName11,Administracion de Empresas
12,Person12LastName12,Electronica
13,Person13LastName13,Biotecnologia
14,Person14LastName14,Mecanica
15,Person15LastName15,Fisica
16,Person16LastName16,Quimica
17,Person17LastName17,Quimica
18,Person18LastName18,Biotecnologia
19,Person19LastName19,Quimica
20,Person20LastName20,Electronica
21,Person21LastName21,Quimica
22,Person22LastName22,Electronica
23,Person23LastName23,Administracion de Empresas
24,Person24LastName24,Electromecanica
25,Person25LastName25,Electrica
26,Person26LastName26,Electrica
27,Person27LastName27,Administracion de Empresas
28,Person28LastName28,Mecanica
29,Person29LastName29,Electrica
30,Person30LastName30,Fisica
31,Person31LastName31,Electronica
32,Person32LastName32,Quimica
33,Person33LastName33,Administracion de Empresas
34,Person34LastName34,Mecanica
35,Person35LastName35,Mecanica
36,Person36LastName36,Fisica
37,Person37LastName37,Biotecnologia
38,Person38LastName38,Electromecanica
39,Person39LastName39,Administracion de Empresas
40,Person40LastName40,Quimica
41,Person41LastName41,Fisica
42,Person42LastName42,Administracion de Empresas
43,Person43LastName43,Electromecanica
44,Person44LastName44,Administracion de Empresas
45,Person45LastName45,Administracion de Empresas
46,Person46LastName46,Quimica
47,Person47LastName47,Electronica
48,Person48LastName48,Biotecnologia
49,Person49LastName49,Mecanica
50,Person50LastName50,Electronica
51,Person51LastName51,Biotecnologia
52,Person52LastName52,Biotecnologia
53,Person53LastName53,Administracion de Empresas
54,Person54LastName54,Mecanica
55,Person55LastName55,Electrica
56,Person56LastName56,Fisica
57,Person57LastName57,Quimica
58,Person58LastName58,Electrica
59,Person59LastName59,Electromecanica
60,Person60LastName60,Administracion de Empresas
61,Person61LastName61,Quimica
62,Person62LastName62,Fisica
63,Person63LastName63,Quimica
64,Person64LastName64,Mecanica
65,Person65LastName65,Fisica
66,Person66LastName66,Quimica
67,Person67LastName67,Administracion de Empresas
68,Person68LastName68,Administracion de Empresas
69,Person69LastName69,Electronica
70,Person70LastName70,Quimica
71,Person71LastName71,Quimica
72,Person72LastName72,Administracion de Empresas
73,Person73LastName73,Fisica
74,Person74LastName74,Electromecanica
75,Person75LastName75,Mecanica
76,Person76LastName76,Administracion de Empresas
77,Person77LastName77,Biotecnologia
78,Person78LastName78,Biotecnologia
79,Person79LastName79,Electromecanica
80,Person80LastName80,Quimica
81,Person81LastName81,Quimica
82,Person82LastName82,Mecanica
83,Person83LastName83,Quimica
84,Person84LastName84,Administracion de Empresas
85,Person85LastName85,Mecanica
86,Person86LastName86,Fisica
87,Person87LastName87,Electrica
88,Person88LastName88,Mecanica
89,Person89LastName89,Mecanica
90,Person90LastName90,Electronica
91,Person91LastName91,Administracion de Empresas
92,Person92LastName92,Electronica
93,Person93LastName93,Electromecanica
94,Person94LastName94,Quimica
95,Person95LastName95,Mecanica
96,Person96LastName96,Biotecnologia
97,Person97LastName97,Mecanica
98,Person98LastName98,Electrica
99,Person99LastName99,Electronica
100,Person100LastName100,Administracion de Empresas
101,Person101LastName101,Electronica
102,Person102LastName102,Quimica
103,Person103LastName103,Quimica
104,Person104LastName104,Electronica
105,Person105LastName105,Biotecnologia
106,Person106LastName106,Administracion de Empresas
107,Person107LastName107,Biotecnologia
108,Person108LastName108,Fisica
109,Person109LastName109,Electronica
110,Person110LastName110,Biotecnologia
111,Person111LastName111,Electrica
112,Person112LastName112,Fisica
113,Person113LastName113,Mecanica
114,Person114LastName114,Mecanica
115,Person115LastName115,Biotecnologia
116,Person116LastName116,Electrica
117,Person117LastName117,Administracion de Empresas
118,Person118LastName118,Electrica
119,Person119LastName119,Biotecnologia
120,Person120LastName120,Fisica
121,Person121LastName121,Quimica
122,Person122LastName122,Mecanica
123,Person123LastName123,Mecanica
124,Person124LastName124,Administracion de Empresas
125,Person125LastName125,Biotecnologia
126,Person126LastName126,Electronica
127,Person127LastName127,Electrica
128,Person128LastName128,Fisica
129,Person129LastName129,Administracion de Empresas
130,Person130LastName130,Electrica
131,Person131LastName131,Electronica
132,Person132LastName132,Electronica
133,Person133LastName133,Electrica
134,Person134LastName134,Mecanica
135,Person135LastName135,Mecanica
136,Person136LastName136,Administracion de Empresas
137,Person137LastName137,Electrica
138,Person138LastName138,Mecanica
139,Person139LastName139,Electrica
140,Person140LastName140,Electromecanica
141,Person141LastName141,Electromecanica
142,Person142LastName142,Biotecnologia
143,Person143LastName143,Biotecnologia
144,Person144LastName144,Mecanica
145,Person145LastName145,Quimica
146,Person146LastName146,Electromecanica
147,Person147LastName147,Electrica
148,Person148LastName148,Biotecnologia
149,Person149LastName149,Biotecnologia
150,Person150LastName150,Biotecnologia
151,Person151LastName151,Quimica
152,Person152LastName152,Electronica
153,Person153LastName153,Quimica
154,Person154LastName154,Electronica
155,Person155LastName155,Fisica
156,Person156LastName156,Electronica
157,Person157LastName157,Administracion de Empresas
158,Person158LastName158,Fisica
159,Person159LastName159,Fisica
160,Person160LastName160,Electrica
161,Person161LastName161,Electromecanica
162,Person162LastName162,Quimica
163,Person163LastName163,Mecanica
164,Person164LastName164,Fisica
165,Person165LastName165,Administracion de Empresas
166,Person166LastName166,Administracion de Empresas
167,Person167LastName167,Electrica
168,Person168LastName168,Mecanica
169,Person169LastName169,Mecanica
170,Person170LastName170,Biotecnologia
171,Person171LastName171,Electromecanica
172,Person172LastName172,Biotecnologia
173,Person173LastName173,Fisica
174,Person174LastName174,Electrica
175,Person175LastName175,Mecanica
176,Person176LastName176,Electronica
177,Person177LastName177,Electronica
178,Person178LastName178,Administracion de Empresas
179,Person179LastName179,Electromecanica
180,Person180LastName180,Electromecanica
181,Person181LastName181,Electronica
182,Person182LastName182,Mecanica
183,Person183LastName183,Administracion de Empresas
184,Person184LastName184,Administracion de Empresas
185,Person185LastName185,Electronica
186,Person186LastName186,Mecanica
187,Person187LastName187,Fisica
188,Person188LastName188,Electronica
189,Person189LastName189,Electronica
190,Person190LastName190,Mecanica
191,Person191LastName191,Administracion de Empresas
192,Person192LastName192,Quimica
193,Person193LastName193,Quimica
194,Person194LastName194,Administracion de Empresas
195,Person195LastName195,Biotecnologia
196,Person196LastName196,Quimica
197,Person197LastName197,Electromecanica
198,Person198LastName198,Biotecnologia
199,Person199LastName199,Electrica
200,Person200LastName200,Electronica
201,Person201LastName201,Electronica
202,Person202LastName202,Administracion de Empresas
203,Person203LastName203,Electromecanica
204,Person204LastName204,Mecanica
205,Person205LastName205,Mecanica
206,Person206LastName206,Quimica
207,Person207LastName207,Electromecanica
208,Person208LastName208,Electrica
209,Person209LastName209,Electromecanica
210,Person210LastName210,Electronica
211,Person211LastName211,Quimica
212,Person212LastName212,Fisica
213,Person213LastName213,Electrica
214,Person214LastName214,Electromecanica
215,Person215LastName215,Fisica
216,Person216LastName216,Electromecanica
217,Person217LastName217,Fisica
218,Person218LastName218,Electrica
219,Person219LastName219,Biotecnologia
220,Person220LastName220,Administracion de Empresas
221,Person221LastName221,Biotecnologia
222,Person222LastName222,Electrica
223,Person223LastName223,Fisica
224,Person224LastName224,Electrica
225,Person225LastName225,Quimica
226,Person226LastName226,Electromecanica
227,Person227LastName227,Mecanica
228,Person228LastName228,Biotecnologia
229,Person229LastName229,Electromecanica
230,Person230LastName230,Electromecanica
231,Person231LastName231,Electrica
232,Person232LastName232,Mecanica
233,Person233LastName233,Mecanica
234,Person234LastName234,Quimica
235,Person235LastName235,Electromecanica
236,Person236LastName236,Electrica
237,Person237LastName237,Quimica
238,Person238LastName238,Biotecnologia
239,Person239LastName239,Administracion de Empresas
240,Person240LastName240,Fisica
241,Person241LastName241,Electromecanica
242,Person242LastName242,Administracion de Empresas
243,Person243LastName243,Biotecnologia
244,Person244LastName244,Quimica
245,Person245LastName245,Electronica
246,Person246LastName246,Fisica
247,Person247LastName247,Administracion de Empresas
248,Person248LastName248,Electromecanica
249,Person249LastName249,Electronica
250,Person250LastName250,Fisica
251,Person251LastName251,Quimica
252,Person252LastName252,Quimica
253,Person253LastName253,Fisica
254,Person254LastName254,Fisica
255,Person255LastName255,Electromecanica
256,Person256LastName256,Electromecanica
257,Person257LastName257,Electrica
258,Person258LastName258,Electrica
259,Person259LastName259,Mecanica
260,Person260LastName260,Electrica
261,Person261LastName261,Quimica
262,Person262LastName262,Electrica
263,Person263LastName263,Administracion de Empresas
264,Person264LastName264,Electrica
265,Person265LastName265,Biotecnologia
266,Person266LastName266,Fisica
267,Person267LastName267,Electromecanica
268,Person268LastName268,Biotecnologia
269,Person269LastName269,Electrica
270,Person270LastName270,Fisica
271,Person271LastName271,Electrica
272,Person272LastName272,Electronica
273,Person273LastName273,Administracion de Empresas
274,Person274LastName274,Administracion de Empresas
275,Person275LastName275,Electronica
276,Person276LastName276,Electronica
277,Person277LastName277,Electronica
278,Person278LastName278,Electronica
279,Person279LastName279,Electrica
280,Person280LastName280,Electromecanica
281,Person281LastName281,Fisica
282,Person282LastName282,Fisica
283,Person283LastName283,Electrica
284,Person284LastName284,Electrica
285,Person285LastName285,Electromecanica
286,Person286LastName286,Quimica
287,Person287LastName287,Administracion de Empresas
288,Person288LastName288,Fisica
289,Person289LastName289,Biotecnologia
290,Person290LastName290,Quimica
291,Person291LastName291,Electrica
292,Person292LastName292,Fisica
293,Person293LastName293,Fisica
294,Person294LastName294,Electrica
295,Person295LastName295,Electronica
296,Person296LastName296,Biotecnologia
297,Person297LastName297,Fisica
298,Person298LastName298,Biotecnologia
299,Person299LastName299,Administracion de Empresas
300,Person300LastName300,Electronica
301,Person301LastName301,Fisica
302,Person302LastName302,Administracion de Empresas
303,Person303LastName303,Mecanica
304,Person304LastName304,Quimica
305,Person305LastName305,Fisica
306,Person306LastName306,Electrica
307,Person307LastName307,Quimica
308,Person308LastName308,Biotecnologia
309,Person309LastName309,Electrica
310,Person310LastName310,Biotecnologia
311,Person311LastName311,Quimica
312,Person312LastName312,Fisica
313,Person313LastName313,Administracion de Empresas
314,Person314LastName314,Electromecanica
315,Person315LastName315,Mecanica
316,Person316LastName316,Biotecnologia
317,Person317LastName317,Electronica
318,Person318LastName318,Fisica
319,Person319LastName319,Administracion de Empresas
320,Person320LastName320,Quimica
321,Person321LastName321,Fisica
322,Person322LastName322,Electrica
323,Person323LastName323,Quimica
324,Person324LastName324,Electromecanica
325,Person325LastName325,Fisica
326,Person326LastName326,Electromecanica
327,Person327LastName327,Electromecanica
328,Person328LastName328,Biotecnologia
329,Person329LastName329,Administracion de Empresas
330,Person330LastName330,Mecanica
331,Person331LastName331,Electrica
332,Person332LastName332,Electronica
333,Person333LastName333,Fisica
334,Person334LastName334,Electromecanica
335,Person335LastName335,Administracion de Empresas
336,Person336LastName336,Biotecnologia
337,Person337LastName337,Electronica
338,Person338LastName338,Electronica
339,Person339LastName339,Fisica
340,Person340LastName340,Mecanica
341,Person341LastName341,Electromecanica
342,Person342LastName342,Electrica
343,Person343LastName343,Electrica
344,Person344LastName344,Electrica
345,Person345LastName345,Administracion de Empresas
346,Person346LastName346,Fisica
347,Person347LastName347,Fisica
348,Person348LastName348,Fisica
349,Person349LastName349,Electrica
350,Person350LastName350,Electrica
351,Person351LastName351,Electromecanica
352,Person352LastName352,Fisica
353,Person353LastName353,Administracion de Empresas
354,Person354LastName354,Electronica
355,Person355LastName355,Quimica
356,Person356LastName356,Administracion de Empresas
357,Person357LastName357,Mecanica
358,Person358LastName358,Quimica
359,Person359LastName359,Electromecanica
360,Person360LastName360,Mecanica
361,Person361LastName361,Electrica
362,Person362LastName362,Quimica
363,Person363LastName363,Electronica
364,Person364LastName364,Fisica
365,Person365LastName365,Biotecnologia
366,Person366LastName366,Quimica
367,Person367LastName367,Administracion de Empresas
368,Person368LastName368,Administracion de Empresas
369,Person369LastName369,Fisica
370,Person370LastName370,Electromecanica
371,Person371LastName371,Administracion de Empresas
372,Person372LastName372,Fisica
373,Person373LastName373,Electrica
374,Person374LastName374,Quimica
375,Person375LastName375,Electromecanica
376,Person376LastName376,Electrica
377,Person377LastName377,Electrica
378,Person378LastName378,Electrica
379,Person379LastName379,Electromecanica
380,Person380LastName380,Mecanica
381,Person381LastName381,Fisica
382,Person382LastName382,Fisica
383,Person383LastName383,Electronica
384,Person384LastName384,Electrica
385,Person385LastName385,Fisica
386,Person386LastName386,Biotecnologia
387,Person387LastName387,Fisica
388,Person388LastName388,Biotecnologia
389,Person389LastName389,Electrica
390,Person390LastName390,Quimica
391,Person391LastName391,Biotecnologia
392,Person392LastName392,Biotecnologia
393,Person393LastName393,Mecanica
394,Person394LastName394,Electrica
395,Person395LastName395,Fisica
396,Person396LastName396,Electromecanica
397,Person397LastName397,Fisica
398,Person398LastName398,Quimica
399,Person399LastName399,Biotecnologia
400,Person400LastName400,Biotecnologia
401,Person401LastName401,Mecanica
402,Person402LastName402,Quimica
403,Person403LastName403,Mecanica
404,Person404LastName404,Electronica
405,Person405LastName405,Quimica
406,Person406LastName406,Biotecnologia
407,Person407LastName407,Administracion de Empresas
408,Person408LastName408,Mecanica
409,Person409LastName409,Electromecanica
410,Person410LastName410,Biotecnologia
411,Person411LastName411,Administracion de Empresas
412,Person412LastName412,Fisica
413,Person413LastName413,Electrica
414,Person414LastName414,Electrica
415,Person415LastName415,Administracion de Empresas
416,Person416LastName416,Fisica
417,Person417LastName417,Fisica
418,Person418LastName418,Administracion de Empresas
419,Person419LastName419,Quimica
420,Person420LastName420,Fisica
421,Person421LastName421,Administracion de Empresas
422,Person422LastName422,Administracion de Empresas
423,Person423LastName423,Electromecanica
424,Person424LastName424,Mecanica
425,Person425LastName425,Quimica
426,Person426LastName426,Fisica
427,Person427LastName427,Biotecnologia
428,Person428LastName428,Quimica
429,Person429LastName429,Quimica
430,Person430LastName430,Biotecnologia
431,Person431LastName431,Administracion de Empresas
432,Person432LastName432,Electromecanica
433,Person433LastName433,Electronica
434,Person434LastName434,Electrica
435,Person435LastName435,Fisica
436,Person436LastName436,Mecanica
437,Person437LastName437,Electromecanica
438,Person438LastName438,Fisica
439,Person439LastName439,Biotecnologia
440,Person440LastName440,Electromecanica
441,Person441LastName441,Quimica
442,Person442LastName442,Electronica
443,Person443LastName443,Fisica
444,Person444LastName444,Mecanica
445,Person445LastName445,Electronica
446,Person446LastName446,Fisica
447,Person447LastName447,Biotecnologia
448,Person448LastName448,Biotecnologia
449,Person449LastName449,Electrica
450,Person450LastName450,Quimica
451,Person451LastName451,Electromecanica
452,Person452LastName452,Electrica
453,Person453LastName453,Biotecnologia
454,Person454LastName454,Quimica
455,Person455LastName455,Mecanica
456,Person456LastName456,Administracion de Empresas
457,Person457LastName457,Quimica
458,Person458LastName458,Quimica
459,Person459LastName459,Electrica
460,Person460LastName460,Mecanica
461,Person461LastName461,Electrica
462,Person462LastName462,Biotecnologia
463,Person463LastName463,Electronica
464,Person464LastName464,Mecanica
465,Person465LastName465,Administracion de Empresas
466,Person466LastName466,Electrica
467,Person467LastName467,Fisica
468,Person468LastName468,Electronica
469,Person469LastName469,Electromecanica
470,Person470LastName470,Electronica
471,Person471LastName471,Administracion de Empresas
472,Person472LastName472,Mecanica
473,Person473LastName473,Administracion de Empresas
474,Person474LastName474,Electronica
475,Person475LastName475,Electrica
476,Person476LastName476,Electronica
477,Person477LastName477,Electrica
478,Person478LastName478,Electrica
479,Person479LastName479,Electrica
480,Person480LastName480,Electromecanica
481,Person481LastName481,Mecanica
482,Person482LastName482,Mecanica
483,Person483LastName483,Fisica
484,Person484LastName484,Mecanica
485,Person485LastName485,Mecanica
486,Person486LastName486,Mecanica
487,Person487LastName487,Electromecanica
488,Person488LastName488,Biotecnologia
489,Person489LastName489,Electromecanica
490,Person490LastName490,Quimica
491,Person491LastName491,Electromecanica
492,Person492LastName492,Electrica
493,Person493LastName493,Electronica
494,Person494LastName494,Fisica
495,Person495LastName495,Administracion de Empresas
496,Person496LastName496,Electromecanica
497,Person497LastName497,Electrica
498,Person498LastName498,Electromecanica
499,Person499LastName499,Electronica
500,Person500LastName500,Administracion de Empresas
501,Person501LastName501,Electronica
502,Person502LastName502,Electrica
503,Person503LastName503,Fisica
504,Person504LastName504,Electromecanica
505,Person505LastName505,Fisica
506,Person506LastName506,Electromecanica
507,Person507LastName507,Electronica
508,Person508LastName508,Administracion de Empresas
509,Person509LastName509,Electronica
510,Person510LastName510,Fisica
511,Person511LastName511,Biotecnologia
512,Person512LastName512,Biotecnologia
513,Person513LastName513,Fisica
514,Person514LastName514,Mecanica
515,Person515LastName515,Administracion de Empresas
516,Person516LastName516,Electrica
517,Person517LastName517,Electronica
518,Person518LastName518,Electromecanica
519,Person519LastName519,Biotecnologia
520,Person520LastName520,Fisica
521,Person521LastName521,Mecanica
522,Person522LastName522,Biotecnologia
523,Person523LastName523,Quimica
524,Person524LastName524,Mecanica
525,Person525LastName525,Biotecnologia
526,Person526LastName526,Administracion de Empresas
527,Person527LastName527,Electronica
528,Person528LastName528,Electrica
529,Person529LastName529,Biotecnologia
530,Person530LastName530,Biotecnologia
531,Person531LastName531,Electronica
532,Person532LastName532,Electromecanica
533,Person533LastName533,Administracion de Empresas
534,Person534LastName534,Fisica
535,Person535LastName535,Electronica
536,Person536LastName536,Mecanica
537,Person537LastName537,Electrica
538,Person538LastName538,Quimica
539,Person539LastName539,Electrica
540,Person540LastName540,Electronica
541,Person541LastName541,Quimica
542,Person542LastName542,Electronica
543,Person543LastName543,Electrica
544,Person544LastName544,Mecanica
545,Person545LastName545,Fisica
546,Person546LastName546,Biotecnologia
547,Person547LastName547,Electrica
548,Person548LastName548,Quimica
549,Person549LastName549,Fisica
550,Person550LastName550,Fisica
551,Person551LastName551,Quimica
552,Person552LastName552,Electrica
553,Person553LastName553,Biotecnologia
554,Person554LastName554,Mecanica
555,Person555LastName555,Mecanica
556,Person556LastName556,Mecanica
557,Person557LastName557,Fisica
558,Person558LastName558,Administracion de Empresas
559,Person559LastName559,Electrica
560,Person560LastName560,Administracion de Empresas
561,Person561LastName561,Administracion de Empresas
562,Person562LastName562,Biotecnologia
563,Person563LastName563,Mecanica
564,Person564LastName564,Electronica
565,Person565LastName565,Electromecanica
566,Person566LastName566,Quimica
567,Person567LastName567,Electronica
568,Person568LastName568,Biotecnologia
569,Person569LastName569,Biotecnologia
570,Person570LastName570,Mecanica
571,Person571LastName571,Electromecanica
572,Person572LastName572,Electromecanica
573,Person573LastName573,Fisica
574,Person574LastName574,Mecanica
575,Person575LastName575,Electrica
576,Person576LastName576,Electrica
577,Person577LastName577,Electrica
578,Person578LastName578,Electrica
579,Person579LastName579,Electromecanica
580,Person580LastName580,Electromecanica
581,Person581LastName581,Quimica
582,Person582LastName582,Administracion de Empresas
583,Person583LastName583,Quimica
584,Person584LastName584,Administracion de Empresas
585,Person585LastName585,Electromecanica
586,Person586LastName586,Biotecnologia
587,Person587LastName587,Electromecanica
588,Person588LastName588,Mecanica
589,Person589LastName589,Administracion de Empresas
590,Person590LastName590,Electronica
591,Person591LastName591,Biotecnologia
592,Person592LastName592,Electronica
593,Person593LastName593,Electrica
594,Person594LastName594,Administracion de Empresas
595,Person595LastName595,Quimica
596,Person596LastName596,Electrica
597,Person597LastName597,Quimica
598,Person598LastName598,Quimica
599,Person599LastName599,Fisica
600,Person600LastName600,Biotecnologia
601,Person601LastName601,Biotecnologia
602,Person602LastName602,Electronica
603,Person603LastName603,Electronica
604,Person604LastName604,Quimica
605,Person605LastName605,Administracion de Empresas
606,Person606LastName606,Electrica
607,Person607LastName607,Administracion de Empresas
608,Person608LastName608,Electronica
609,Person609LastName609,Electromecanica
610,Person610LastName610,Electronica
611,Person611LastName611,Electronica
612,Person612LastName612,Quimica
613,Person613LastName613,Mecanica
614,Person614LastName614,Electrica
615,Person615LastName615,Quimica
616,Person616LastName616,Fisica
617,Person617LastName617,Biotecnologia
618,Person618LastName618,Administracion de Empresas
619,Person619LastName619,Fisica
620,Person620LastName620,Electromecanica
621,Person621LastName621,Electronica
622,Person622LastName622,Mecanica
623,Person623LastName623,Electrica
624,Person624LastName624,Mecanica
625,Person625LastName625,Electrica
626,Person626LastName626,Biotecnologia
627,Person627LastName627,Electronica
628,Person628LastName628,Electronica
629,Person629LastName629,Electrica
630,Person630LastName630,Fisica
631,Person631LastName631,Administracion de Empresas
632,Person632LastName632,Quimica
633,Person633LastName633,Biotecnologia
634,Person634LastName634,Mecanica
635,Person635LastName635,Electromecanica
636,Person636LastName636,Fisica
637,Person637LastName637,Electromecanica
638,Person638LastName638,Fisica
639,Person639LastName639,Fisica
640,Person640LastName640,Electronica
641,Person641LastName641,Electromecanica
642,Person642LastName642,Quimica
643,Person643LastName643,Mecanica
644,Person644LastName644,Electrica
645,Person645LastName645,Electrica
646,Person646LastName646,Mecanica
647,Person647LastName647,Mecanica
648,Person648LastName648,Quimica
649,Person649LastName649,Biotecnologia
650,Person650LastName650,Electrica
651,Person651LastName651,Electromecanica
652,Person652LastName652,Electronica
653,Person653LastName653,Electromecanica
654,Person654LastName654,Quimica
655,Person655LastName655,Quimica
656,Person656LastName656,Biotecnologia
657,Person657LastName657,Administracion de Empresas
658,Person658LastName658,Electrica
659,Person659LastName659,Quimica
660,Person660LastName660,Fisica
661,Person661LastName661,Biotecnologia
662,Person662LastName662,Mecanica
663,Person663LastName663,Biotecnologia
664,Person664LastName664,Quimica
665,Person665LastName665,Quimica
666,Person666LastName666,Fisica
667,Person667LastName667,Quimica
668,Person668LastName668,Biotecnologia
669,Person669LastName669,Biotecnologia
670,Person670LastName670,Electronica
671,Person671LastName671,Electronica
672,Person672LastName672,Mecanica
673,Person673LastName673,Electronica
674,Person674LastName674,Quimica
675,Person675LastName675,Fisica
676,Person676LastName676,Biotecnologia
677,Person677LastName677,Fisica
678,Person678LastName678,Quimica
679,Person679LastName679,Fisica
680,Person680LastName680,Biotecnologia
681,Person681LastName681,Quimica
682,Person682LastName682,Administracion de Empresas
683,Person683LastName683,Biotecnologia
684,Person684LastName684,Quimica
685,Person685LastName685,Fisica
686,Person686LastName686,Quimica
687,Person687LastName687,Biotecnologia
688,Person688LastName688,Mecanica
689,Person689LastName689,Administracion de Empresas
690,Person690LastName690,Fisica
691,Person691LastName691,Mecanica
692,Person692LastName692,Administracion de Empresas
693,Person693LastName693,Electromecanica
694,Person694LastName694,Electromecanica
695,Person695LastName695,Biotecnologia
696,Person696LastName696,Electronica
697,Person697LastName697,Quimica
698,Person698LastName698,Quimica
699,Person699LastName699,Electronica
700,Person700LastName700,Electronica
701,Person701LastName701,Fisica
702,Person702LastName702,Electrica
703,Person703LastName703,Administracion de Empresas
704,Person704LastName704,Biotecnologia
705,Person705LastName705,Electrica
706,Person706LastName706,Electronica
707,Person707LastName707,Fisica
708,Person708LastName708,Fisica
709,Person709LastName709,Electromecanica
710,Person710LastName710,Quimica
711,Person711LastName711,Quimica
712,Person712LastName712,Quimica
713,Person713LastName713,Biotecnologia
714,Person714LastName714,Quimica
715,Person715LastName715,Biotecnologia
716,Person716LastName716,Electromecanica
717,Person717LastName717,Electromecanica
718,Person718LastName718,Electromecanica
719,Person719LastName719,Administracion de Empresas
720,Person720LastName720,Electrica
721,Person721LastName721,Electronica
722,Person722LastName722,Electronica
723,Person723LastName723,Electrica
724,Person724LastName724,Electronica
725,Person725LastName725,Fisica
726,Person726LastName726,Administracion de Empresas
727,Person727LastName727,Administracion de Empresas
728,Person728LastName728,Fisica
729,Person729LastName729,Fisica
730,Person730LastName730,Biotecnologia
731,Person731LastName731,Electrica
732,Person732LastName732,Electrica
733,Person733LastName733,Administracion de Empresas
734,Person734LastName734,Electrica
735,Person735LastName735,Fisica
736,Person736LastName736,Mecanica
737,Person737LastName737,Electronica
738,Person738LastName738,Biotecnologia
739,Person739LastName739,Electrica
740,Person740LastName740,Mecanica
741,Person741LastName741,Electromecanica
742,Person742LastName742,Electronica
743,Person743LastName743,Administracion de Empresas
744,Person744LastName744,Electrica
745,Person745LastName745,Fisica
746,Person746LastName746,Electromecanica
747,Person747LastName747,Electrica
748,Person748LastName748,Mecanica
749,Person749LastName749,Fisica
750,Person750LastName750,Electromecanica
751,Person751LastName751,Electronica
752,Person752LastName752,Fisica
753,Person753LastName753,Mecanica
754,Person754LastName754,Biotecnologia
755,Person755LastName755,Electromecanica
756,Person756LastName756,Electronica
757,Person757LastName757,Electrica
758,Person758LastName758,Electrica
759,Person759LastName759,Electronica
760,Person760LastName760,Fisica
761,Person761LastName761,Electrica
762,Person762LastName762,Electromecanica
763,Person763LastName763,Quimica
764,Person764LastName764,Electronica
765,Person765LastName765,Administracion de Empresas
766,Person766LastName766,Electrica
767,Person767LastName767,Quimica
768,Person768LastName768,Quimica
769,Person769LastName769,Administracion de Empresas
770,Person770LastName770,Fisica
771,Person771LastName771,Mecanica
772,Person772LastName772,Quimica
773,Person773LastName773,Mecanica
774,Person774LastName774,Electronica
775,Person775LastName775,Mecanica
776,Person776LastName776,Electromecanica
777,Person777LastName777,Administracion de Empresas
778,Person778LastName778,Administracion de Empresas
779,Person779LastName779,Administracion de Empresas
780,Person780LastName780,Fisica
781,Person781LastName781,Biotecnologia
782,Person782LastName782,Mecanica
783,Person783LastName783,Administracion de Empresas
784,Person784LastName784,Electrica
785,Person785LastName785,Electrica
786,Person786LastName786,Administracion de Empresas
787,Person787LastName787,Electromecanica
788,Person788LastName788,Biotecnologia
789,Person789LastName789,Electromecanica
790,Person790LastName790,Electromecanica
791,Person791LastName791,Administracion de Empresas
792,Person792LastName792,Biotecnologia
793,Person793LastName793,Electrica
794,Person794LastName794,Electronica
795,Person795LastName795,Mecanica
796,Person796LastName796,Electronica
797,Person797LastName797,Administracion de Empresas
798,Person798LastName798,Electronica
799,Person799LastName799,Mecanica
800,Person800LastName800,Fisica
801,Person801LastName801,Biotecnologia
802,Person802LastName802,Mecanica
803,Person803LastName803,Biotecnologia
804,Person804LastName804,Electromecanica
805,Person805LastName805,Quimica
806,Person806LastName806,Biotecnologia
807,Person807LastName807,Mecanica
808,Person808LastName808,Electronica
809,Person809LastName809,Administracion de Empresas
810,Person810LastName810,Electrica
811,Person811LastName811,Mecanica
812,Person812LastName812,Biotecnologia
813,Person813LastName813,Electromecanica
814,Person814LastName814,Electronica
815,Person815LastName815,Electromecanica
816,Person816LastName816,Quimica
817,Person817LastName817,Biotecnologia
818,Person818LastName818,Electromecanica
819,Person819LastName819,Administracion de Empresas
820,Person820LastName820,Mecanica
821,Person821LastName821,Electromecanica
822,Person822LastName822,Fisica
823,Person823LastName823,Fisica
824,Person824LastName824,Mecanica
825,Person825LastName825,Mecanica
826,Person826LastName826,Quimica
827,Person827LastName827,Electronica
828,Person828LastName828,Administracion de Empresas
829,Person829LastName829,Electrica
830,Person830LastName830,Quimica
831,Person831LastName831,Biotecnologia
832,Person832LastName832,Quimica
833,Person833LastName833,Administracion de Empresas
834,Person834LastName834,Fisica
835,Person835LastName835,Mecanica
836,Person836LastName836,Fisica
837,Person837LastName837,Electromecanica
838,Person838LastName838,Electrica
839,Person839LastName839,Biotecnologia
840,Person840LastName840,Biotecnologia
841,Person841LastName841,Mecanica
842,Person842LastName842,Biotecnologia
843,Person843LastName843,Electromecanica
844,Person844LastName844,Electromecanica
845,Person845LastName845,Biotecnologia
846,Person846LastName846,Mecanica
847,Person847LastName847,Fisica
848,Person848LastName848,Electrica
849,Person849LastName849,Quimica
850,Person850LastName850,Fisica
851,Person851LastName851,Administracion de Empresas
852,Person852LastName852,Fisica
853,Person853LastName853,Electromecanica
854,Person854LastName854,Biotecnologia
855,Person855LastName855,Electrica
856,Person856LastName856,Electromecanica
857,Person857LastName857,Administracion de Empresas
858,Person858LastName858,Administracion de Empresas
859,Person859LastName859,Biotecnologia
860,Person860LastName860,Electromecanica
861,Person861LastName861,Electronica
862,Person862LastName862,Electronica
863,Person863LastName863,Electrica
864,Person864LastName864,Quimica
865,Person865LastName865,Electromecanica
866,Person866LastName866,Electrica
867,Person867LastName867,Electromecanica
868,Person868LastName868,Electromecanica
869,Person869LastName869,Administracion de Empresas
870,Person870LastName870,Electrica
871,Person871LastName871,Electronica
872,Person872LastName872,Administracion de Empresas
873,Person873LastName873,Electronica
874,Person874LastName874,Mecanica
875,Person875LastName875,Biotecnologia
876,Person876LastName876,Quimica
877,Person877LastName877,Quimica
878,Person878LastName878,Fisica
879,Person879LastName879,Electronica
880,Person880LastName880,Electronica
881,Person881LastName881,Administracion de Empresas
882,Person882LastName882,Electromecanica
883,Person883LastName883,Electrica
884,Person884LastName884,Electrica
885,Person885LastName885,Electronica
886,Person886LastName886,Electromecanica
887,Person887LastName887,Electromecanica
888,Person888LastName888,Electromecanica
889,Person889LastName889,Electronica
890,Person890LastName890,Biotecnologia
891,Person891LastName891,Biotecnologia
892,Person892LastName892,Administracion de Empresas
893,Person893LastName893,Biotecnologia
894,Person894LastName894,Fisica
895,Person895LastName895,Electronica
896,Person896LastName896,Administracion de Empresas
897,Person897LastName897,Mecanica
898,Person898LastName898,Biotecnologia
899,Person899LastName899,Electromecanica
900,Person900LastName900,Quimica
901,Person901LastName901,Fisica
902,Person902LastName902,Electronica
903,Person903LastName903,Fisica
904,Person904LastName904,Electromecanica
905,Person905LastName905,Electromecanica
906,Person906LastName906,Quimica
907,Person907LastName907,Mecanica
908,Person908LastName908,Electromecanica
909,Person909LastName909,Electromecanica
910,Person910LastName910,Biotecnologia
911,Person911LastName911,Electronica
912,Person912LastName912,Quimica
913,Person913LastName913,Quimica
914,Person914LastName914,Mecanica
915,Person915LastName915,Fisica
916,Person916LastName916,Administracion de Empresas
917,Person917LastName917,Electronica
918,Person918LastName918,Administracion de Empresas
919,Person919LastName919,Electromecanica
920,Person920LastName920,Electromecanica
921,Person921LastName921,Mecanica
922,Person922LastName922,Electromecanica
923,Person923LastName923,Mecanica
924,Person924LastName924,Quimica
925,Person925LastName925,Administracion de Empresas
926,Person926LastName926,Mecanica
927,Person927LastName927,Biotecnologia
928,Person928LastName928,Electromecanica
929,Person929LastName929,Biotecnologia
930,Person930LastName930,Electrica
931,Person931LastName931,Fisica
932,Person932LastName932,Electronica
933,Person933LastName933,Electromecanica
934,Person934LastName934,Electromecanica
935,Person935LastName935,Administracion de Empresas
936,Person936LastName936,Biotecnologia
937,Person937LastName937,Electromecanica
938,Person938LastName938,Quimica
939,Person939LastName939,Electrica
940,Person940LastName940,Electromecanica
941,Person941LastName941,Electronica
942,Person942LastName942,Quimica
943,Person943LastName943,Mecanica
944,Person944LastName944,Electrica
945,Person945LastName945,Electromecanica
946,Person946LastName946,Administracion de Empresas
947,Person947LastName947,Electronica
948,Person948LastName948,Quimica
949,Person949LastName949,Electromecanica
950,Person950LastName950,Electromecanica
951,Person951LastName951,Administracion de Empresas
952,Person952LastName952,Administracion de Empresas
953,Person953LastName953,Electromecanica
954,Person954LastName954,Biotecnologia
955,Person955LastName955,Administracion de Empresas
956,Person956LastName956,Electronica
957,Person957LastName957,Quimica
958,Person958LastName958,Quimica
959,Person959LastName959,Mecanica
960,Person960LastName960,Electronica
961,Person961LastName961,Quimica
962,Person962LastName962,Administracion de Empresas
963,Person963LastName963,Biotecnologia
964,Person964LastName964,Fisica
965,Person965LastName965,Biotecnologia
966,Person966LastName966,Fisica
967,Person967LastName967,Administracion de Empresas
968,Person968LastName968,Administracion de Empresas
969,Person969LastName969,Quimica
970,Person970LastName970,Quimica
971,Person971LastName971,Administracion de Empresas
972,Person972LastName972,Electronica
973,Person973LastName973,Administracion de Empresas
974,Person974LastName974,Electrica
975,Person975LastName975,Fisica
976,Person976LastName976,Electronica
977,Person977LastName977,Fisica
978,Person978LastName978,Mecanica
979,Person979LastName979,Electronica
980,Person980LastName980,Administracion de Empresas
981,Person981LastName981,Quimica
982,Person982LastName982,Quimica
983,Person983LastName983,Mecanica
984,Person984LastName984,Quimica
985,Person985LastName985,Quimica
986,Person986LastName986,Fisica
987,Person987LastName987,Biotecnologia
988,Person988LastName988,Electromecanica
989,Person989LastName989,Fisica
990,Person990LastName990,Fisica
991,Person991LastName991,Electronica
992,Person992LastName992,Mecanica
993,Person993LastName993,Fisica
994,Person994LastName994,Administracion de Empresas
995,Person995LastName995,Electronica
996,Person996LastName996,Administracion de Empresas
997,Person997LastName997,Electronica
998,Person998LastName998,Fisica
999,Person999LastName999,Electrica
1000,Person1000LastName1000,Electromecanica
