1,261,82.2
1,262,64.2
1,263,72.0
1,264,43.5
1,265,44.0
1,267,37.5
1,268,83.8
1,269,63.1
5,261,84.3
5,262,92.9
5,263,81.6
5,264,70.6
5,265,33.8
5,266,81.1
5,268,62.1
5,269,76.3
5,260,100.0
11,261,69.0
11,262,66.3
11,264,91.4
11,265,54.9
11,266,85.2
11,267,92.4
11,268,69.8
11,260,59.0
23,261,56.4
23,262,82.6
23,264,67.5
23,265,37.3
23,266,52.7
23,268,78.3
23,269,50.0
27,261,85.2
27,263,73.5
27,266,77.7
27,267,68.5
27,268,63.4
27,260,64.8
33,261,73.1
33,262,55.0
33,263,74.2
33,264,60.1
33,265,74.8
33,267,77.4
33,268,71.3
33,269,38.2
39,261,79.1
39,262,67.2
39,263,77.4
39,265,83.0
39,266,74.7
39,267,67.1
39,268,87.6
39,269,58.6
39,260,85.9
42,261,60.4
42,262,59.5
42,263,67.7
42,265,64.8
42,266,79.4
42,267,47.9
42,268,56.1
42,269,43.3
42,260,72.7
44,261,74.3
44,262,71.4
44,263,49.0
44,264,45.9
44,266,68.3
44,269,38.0
45,262,58.6
45,263,58.4
45,264,69.5
45,265,70.1
45,266,57.4
45,267,54.3
45,269,94.6
45,260,75.9
53,261,47.7
53,262,85.2
53,263,59.1
53,264,91.4
53,266,38.8
53,267,97.8
53,268,66.9
53,269,66.0
53,260,80.3
60,262,100.0
60,263,90.0
60,264,74.1
60,265,57.1
60,266,58.6
60,268,69.2
60,260,70.1
67,261,67.1
67,262,62.8
67,263,75.4
67,264,72.1
67,266,90.8
67,268,85.4
67,260,62.8
68,261,40.5
68,262,66.1
68,263,87.7
68,264,54.8
68,267,83.3
68,268,52.3
68,269,71.9
68,260,62.0
72,261,89.5
72,262,78.1
72,263,84.7
72,265,60.8
72,267,69.0
72,268,63.2
72,260,63.0
76,262,62.8
76,263,57.0
76,264,59.4
76,265,56.5
76,267,60.9
76,268,89.3
76,269,81.9
76,260,79.5
84,264,70.6
84,265,98.1
84,266,57.7
84,267,77.1
84,268,68.4
84,269,41.5
91,261,76.1
91,262,58.1
91,266,69.0
91,267,81.7
91,268,50.1
91,269,72.6
100,262,100.0
100,264,54.2
100,265,63.7
100,266,65.8
100,268,66.9
100,269,49.1
100,260,67.3
106,261,66.5
106,262,70.6
106,263,63.4
106,264,63.9
106,265,50.9
106,266,45.7
106,269,73.8
106,260,94.0
117,261,73.2
117,262,50.0
117,263,70.0
117,264,75.6
117,265,71.8
117,266,78.6
117,267,66.9
117,260,82.4
124,264,66.5
124,266,79.5
124,269,73.4
129,262,67.1
129,264,67.9
129,265,49.1
129,266,55.0
129,268,57.3
129,269,79.0
136,262,75.8
136,263,91.6
136,264,60.2
136,265,82.9
136,269,83.0
157,261,67.0
157,262,62.8
157,263,72.0
157,264,44.7
157,265,53.7
157,266,67.6
157,269,57.3
165,261,86.0
165,262,81.2
165,263,77.8
165,264,59.9
165,265,81.5
165,267,85.7
165,269,58.8
165,260,61.1
166,263,63.2
166,265,54.1
166,266,70.8
166,268,65.6
178,262,84.9
178,263,51.6
178,264,74.2
178,265,71.1
178,266,78.7
178,267,77.4
178,268,52.5
178,269,84.9
178,260,82.8
183,261,72.2
183,262,56.8
183,263,83.0
183,264,73.4
183,265,82.1
183,267,93.5
183,269,75.1
183,260,98.7
184,261,75.4
184,263,92.4
184,267,76.1
184,268,78.9
184,269,40.0
184,260,90.0
191,261,81.2
191,263,63.5
191,264,65.2
191,265,80.2
191,266,44.8
191,267,79.6
191,260,56.8
194,263,52.5
194,265,72.0
194,266,73.3
194,267,59.2
194,268,71.3
194,269,89.3
194,260,71.4
202,262,49.5
202,263,81.7
202,264,61.7
202,265,56.4
202,266,46.3
202,268,51.3
202,269,55.5
202,260,47.1
220,262,71.0
220,263,59.7
220,264,79.4
220,265,72.7
220,266,48.6
220,267,59.8
220,268,90.6
220,260,82.7
239,262,53.7
239,263,30.4
239,264,49.7
239,266,49.5
239,268,40.7
239,269,52.2
239,260,81.2
242,261,73.9
242,265,74.3
242,266,65.0
242,267,72.4
242,268,77.1
242,269,83.6
247,262,58.9
247,263,100.0
247,264,100.0
247,265,72.7
247,266,65.4
247,267,75.4
247,268,80.5
247,269,71.3
247,260,63.6
263,261,72.6
263,262,38.6
263,263,64.0
263,264,66.3
263,265,85.2
263,266,75.2
263,267,85.8
263,268,44.1
263,269,74.9
263,260,63.4
273,261,55.4
273,262,82.2
273,263,89.6
273,265,86.6
273,266,68.6
273,267,70.7
273,268,91.1
273,269,52.5
273,260,85.0
274,263,100.0
274,264,67.1
274,266,72.1
274,267,73.6
274,269,84.0
274,260,78.0
287,261,48.3
287,262,76.8
287,264,79.7
287,265,59.9
287,266,46.8
287,267,83.7
287,268,85.5
287,269,80.2
287,260,47.2
299,262,82.6
299,263,50.4
299,264,67.5
299,265,74.1
299,266,86.8
302,261,63.7
302,262,64.8
302,263,62.3
302,264,84.0
302,267,43.9
313,261,58.5
313,262,80.0
313,264,62.9
313,265,78.8
313,268,74.9
313,269,81.2
313,260,83.9
319,261,55.2
319,262,75.3
319,263,70.4
319,264,78.1
319,265,60.1
319,266,51.6
319,267,70.0
319,268,71.5
319,269,65.7
319,260,80.1
329,261,100.0
329,262,63.1
329,263,68.1
329,264,63.2
329,266,83.2
329,260,61.3
335,261,53.6
335,262,57.8
335,263,79.7
335,264,65.3
335,265,63.2
335,266,64.8
335,267,54.8
335,260,56.1
345,261,58.2
345,262,82.9
345,264,71.7
345,268,95.7
345,269,66.8
345,260,65.1
353,261,62.5
353,262,85.3
353,263,61.6
353,264,59.2
353,265,54.7
353,266,63.4
353,269,51.5
353,260,76.0
367,261,64.1
367,262,71.6
367,263,78.1
367,264,46.6
367,265,57.0
367,268,88.3
367,269,86.7
368,263,51.8
368,264,90.1
368,265,58.3
368,266,83.8
368,269,69.0
368,260,79.9
371,261,72.9
371,262,68.6
371,263,76.4
371,264,90.6
371,267,85.8
371,268,53.3
371,269,74.7
371,260,88.2
407,261,80.6
407,262,61.5
407,263,66.9
407,264,59.0
407,265,83.7
407,266,52.3
407,267,81.5
407,268,37.5
411,261,56.3
415,261,51.7
415,262,62.6
415,263,71.7
415,264,74.1
415,265,81.7
415,266,65.8
415,267,69.4
415,268,85.1
415,260,81.0
418,261,58.9
418,262,63.4
418,263,86.4
418,264,60.0
418,266,62.0
418,267,63.8
418,269,79.9
421,263,81.7
421,264,72.6
421,265,78.2
421,266,81.7
421,267,46.7
421,268,75.0
422,261,58.4
422,262,83.8
422,264,79.1
422,266,62.8
422,267,81.7
422,269,79.7
422,260,76.4
431,261,82.5
431,262,21.7
431,263,55.0
431,264,62.3
431,265,37.2
431,267,73.1
431,268,58.3
431,269,72.1
431,260,76.9
456,261,55.6
456,262,100.0
456,263,77.4
456,265,70.4
456,266,58.5
456,267,64.1
456,268,53.2
456,260,51.8
465,262,93.0
465,263,65.7
465,264,86.1
465,265,80.7
465,266,61.4
465,268,62.0
465,269,100.0
465,260,66.3
471,261,59.8
471,262,91.4
471,265,94.4
471,267,84.9
471,269,67.0
473,261,90.3
473,262,63.3
473,263,74.5
473,264,85.3
473,265,69.2
473,267,52.1
473,268,89.5
473,260,95.8
495,261,64.1
495,262,81.3
495,263,90.6
495,264,53.9
495,266,58.5
495,267,44.1
495,268,57.9
495,269,67.6
495,260,66.4
500,261,58.3
500,263,57.2
500,264,69.6
500,266,94.1
500,268,74.0
500,269,61.1
508,261,51.9
508,262,67.4
508,263,74.7
508,265,69.3
508,266,80.8
508,267,66.9
508,268,58.8
508,269,87.6
508,260,58.5
515,261,65.6
515,262,96.2
515,263,63.5
515,265,87.4
515,266,71.3
515,267,67.8
515,268,75.6
526,263,74.9
526,264,70.4
526,265,55.0
526,267,76.4
526,268,92.5
526,269,30.4
526,260,74.1
533,261,60.6
533,262,81.8
533,263,81.5
533,264,77.9
533,265,68.1
533,267,84.1
533,268,73.4
533,269,84.0
533,260,69.9
558,262,81.7
558,263,77.5
558,265,93.8
558,266,64.4
558,267,62.4
558,269,57.6
560,261,92.1
560,263,47.7
560,265,86.7
560,266,67.4
560,268,66.7
560,260,98.9
561,262,66.1
561,263,68.2
561,264,47.2
561,267,70.8
561,268,100.0
582,261,41.4
582,262,73.1
582,264,79.4
582,267,58.2
582,269,70.0
582,260,48.4
584,261,68.9
584,262,86.2
584,263,68.3
584,264,85.0
584,266,72.8
584,267,64.7
584,260,87.2
589,261,100.0
589,262,85.5
589,263,59.5
589,265,60.6
589,266,79.1
589,267,60.5
589,269,62.7
594,262,64.2
594,264,77.5
594,265,76.5
594,268,83.1
605,261,87.6
605,265,32.9
605,266,52.5
605,267,68.4
605,268,55.1
607,261,76.9
607,262,77.9
607,264,66.9
607,266,72.0
607,267,79.6
607,268,65.8
607,269,54.7
607,260,84.3
618,261,67.9
618,263,74.5
618,264,62.6
618,265,69.9
618,266,66.9
618,268,72.1
618,260,88.0
631,261,100.0
631,262,80.0
631,264,58.7
631,265,81.7
631,266,56.6
631,260,86.5
657,262,68.8
657,264,50.8
657,265,81.5
657,266,66.1
657,269,61.5
682,261,57.8
682,263,75.3
682,264,85.4
682,265,56.1
682,266,61.3
682,267,78.1
682,268,68.2
682,269,72.8
689,261,28.8
689,263,91.5
689,264,67.3
689,265,65.6
689,267,75.0
689,268,82.8
689,269,82.9
692,261,73.8
692,263,79.0
692,264,70.4
692,266,68.0
692,267,87.1
692,268,58.8
692,260,62.4
703,261,60.0
703,262,45.8
703,263,76.6
703,264,65.2
703,265,62.8
703,266,68.4
703,267,69.0
703,268,100.0
703,269,37.9
703,260,77.8
719,261,51.3
719,262,88.5
719,263,60.2
719,264,68.6
719,265,92.1
719,266,100.0
719,268,80.2
719,260,52.3
726,261,85.6
726,262,42.3
726,263,50.5
726,265,67.8
726,266,66.4
726,267,53.3
726,269,75.6
726,260,92.8
727,263,48.7
727,264,72.0
727,267,62.4
727,268,77.4
727,269,91.1
733,262,54.8
733,263,92.1
733,264,74.1
733,265,79.0
733,266,76.2
733,267,65.6
743,262,76.3
743,263,61.7
743,264,81.6
743,265,91.2
743,266,32.2
743,267,71.2
743,268,60.1
743,269,63.0
765,261,84.3
765,264,89.8
765,265,57.5
765,267,62.0
765,268,58.6
765,269,55.8
765,260,73.0
769,261,73.8
769,262,92.5
769,263,62.9
769,264,100.0
769,265,67.1
769,266,80.7
769,267,69.0
769,268,80.7
769,260,66.6
777,261,72.3
777,263,58.3
777,264,69.2
777,266,71.1
777,267,62.5
777,268,65.5
777,269,70.2
777,260,37.1
778,261,83.5
778,262,77.1
778,264,74.3
778,267,63.6
778,268,77.8
778,269,55.4
778,260,91.3
779,261,62.8
779,262,59.4
779,263,68.3
779,266,91.0
779,267,51.7
779,269,57.6
779,260,89.1
783,261,52.0
783,262,96.8
783,263,40.5
783,264,68.0
783,265,69.1
783,266,88.1
783,267,75.3
783,269,38.2
786,261,58.8
786,263,78.4
786,264,88.2
786,265,49.3
786,266,51.2
786,267,74.3
786,268,73.6
786,269,91.6
791,261,80.0
791,262,54.2
791,263,78.8
791,264,79.6
791,266,47.4
791,267,66.7
791,268,68.4
791,260,75.8
797,261,65.1
797,267,67.6
797,268,73.6
809,261,52.7
809,263,94.5
809,264,98.4
809,265,37.6
809,267,76.3
809,268,59.0
809,269,68.6
809,260,46.7
819,261,78.6
819,262,72.9
819,263,55.3
819,264,50.4
819,265,48.5
819,266,66.8
819,267,82.7
819,268,75.5
819,269,79.5
819,260,40.5
828,261,77.5
828,262,88.2
828,263,41.4
828,265,47.7
828,266,49.3
828,268,66.3
828,269,74.0
833,261,67.7
833,262,58.4
833,263,81.4
833,264,85.2
833,267,70.9
833,260,50.6
851,262,51.5
851,263,66.7
851,264,65.8
851,266,96.5
851,268,82.1
851,269,95.9
851,260,79.5
857,261,42.9
857,262,59.8
857,264,62.4
857,265,88.2
857,266,64.6
857,267,67.4
857,268,82.6
858,261,53.2
858,262,82.3
858,267,74.4
858,268,70.3
858,269,50.7
858,260,55.4
869,261,65.0
869,262,78.6
869,263,65.5
869,264,94.9
869,265,58.6
869,266,61.2
869,268,76.5
869,269,100.0
869,260,49.4
872,261,49.6
872,262,70.3
872,264,94.1
872,265,45.7
872,267,100.0
872,269,82.6
872,260,61.7
881,261,78.4
881,262,63.6
881,263,56.7
881,265,71.0
881,268,74.0
881,260,85.3
892,261,79.5
892,262,100.0
892,263,39.4
892,264,57.1
892,265,87.2
892,266,60.1
892,269,73.7
892,260,96.6
896,261,74.2
896,264,84.9
896,265,100.0
896,266,85.6
896,269,43.8
896,260,61.2
916,262,72.8
916,264,74.8
916,265,89.1
916,266,71.8
916,267,72.6
916,268,76.2
916,269,60.7
918,261,81.8
918,262,63.9
918,263,84.7
918,264,77.3
918,267,100.0
918,268,63.6
925,263,79.0
925,264,75.0
925,265,83.8
925,268,82.9
925,260,80.8
935,262,66.5
935,266,75.4
935,267,89.5
935,268,65.0
946,261,57.5
946,262,70.5
946,263,46.0
946,264,69.5
946,265,70.8
946,267,69.4
946,268,93.3
946,269,77.5
951,262,78.9
951,264,40.8
951,265,30.3
951,266,55.6
951,267,68.7
951,268,92.4
952,262,74.6
952,265,87.2
952,267,69.0
952,268,86.9
952,269,89.5
952,260,66.8
955,264,36.1
955,266,72.7
955,268,77.0
955,269,57.3
955,260,64.2
962,264,73.0
962,265,62.5
962,266,64.1
962,269,93.8
962,260,71.9
967,263,70.3
967,264,82.1
967,265,58.8
967,266,55.6
967,267,57.1
967,268,71.2
967,269,72.8
967,260,63.8
968,261,77.0
968,262,60.5
968,263,66.9
968,264,85.6
968,266,64.1
968,267,62.1
968,269,95.5
971,261,70.7
971,262,48.3
971,263,70.0
971,265,47.7
971,266,66.9
971,267,66.3
971,268,55.3
971,269,65.5
971,260,85.9
973,261,56.7
973,263,51.7
973,265,47.5
973,266,89.7
973,268,61.0
973,260,51.5
980,261,93.8
980,263,52.8
980,264,72.9
980,266,37.5
980,267,90.1
980,268,70.5
980,269,72.7
980,260,49.9
994,264,84.3
994,267,55.3
996,262,73.0
996,263,75.6
996,264,64.5
996,265,47.4
996,266,78.8
996,268,88.8
996,269,86.7
996,260,88.4
2,131,56.4
2,132,84.6
2,133,65.6
2,134,81.7
2,136,78.7
2,137,75.4
2,139,69.9
2,130,69.2
6,131,63.5
6,132,36.5
6,133,68.1
6,135,55.0
6,137,58.4
6,138,39.2
6,139,68.8
13,132,65.1
13,135,70.2
13,136,51.9
13,137,74.7
13,138,86.6
18,131,69.4
18,132,44.2
18,133,76.7
18,134,57.2
18,135,69.2
18,136,64.5
18,137,72.3
18,139,78.2
18,130,69.0
37,131,62.6
37,134,62.4
37,137,96.1
37,138,100.0
37,130,70.0
48,131,89.4
48,133,76.7
48,135,61.6
48,136,100.0
48,138,69.7
48,139,65.6
48,130,56.8
51,132,63.4
51,134,72.4
51,136,78.7
51,138,70.7
51,139,79.8
52,132,55.2
52,133,58.5
52,134,81.4
52,135,56.0
52,136,53.3
52,138,66.9
52,139,73.9
52,130,69.2
77,131,69.0
77,132,97.8
77,133,82.9
77,134,44.5
77,135,73.8
77,136,78.9
77,138,45.2
77,139,58.5
77,130,83.1
78,132,92.8
78,133,64.7
78,134,76.5
78,137,80.2
78,138,37.9
78,130,35.9
96,131,74.9
96,132,77.8
96,133,72.1
96,134,82.2
96,135,87.4
96,136,42.8
96,137,77.0
96,130,100.0
105,131,83.2
105,132,69.0
105,133,91.9
105,134,80.0
105,135,38.9
105,136,35.0
105,137,75.1
105,138,60.1
105,139,72.2
105,130,53.3
107,131,57.1
107,132,50.7
107,133,64.8
107,134,66.6
107,136,56.1
107,138,68.0
107,130,68.1
110,132,56.6
110,133,55.4
110,134,51.9
110,135,61.6
110,136,65.0
110,138,70.4
110,130,68.0
115,131,100.0
115,132,72.5
115,134,91.7
115,135,73.5
115,136,73.3
115,137,60.6
115,138,90.0
115,139,80.1
119,132,56.2
119,134,69.7
119,136,69.7
119,137,75.2
119,138,55.4
119,139,57.9
119,130,77.5
125,133,47.0
125,134,56.3
125,135,73.8
125,136,86.1
125,137,62.2
125,138,52.2
142,131,65.2
142,133,44.7
142,134,57.5
142,136,71.2
142,137,81.4
142,138,77.2
142,139,100.0
143,131,77.8
143,132,69.7
143,133,72.3
143,134,91.5
143,136,73.8
143,137,87.0
143,138,81.0
143,139,96.7
148,131,59.1
148,132,78.6
148,133,53.5
148,134,48.8
148,135,51.6
148,136,64.3
148,137,54.1
148,138,77.1
148,139,67.0
148,130,94.9
149,131,98.3
149,132,80.2
149,134,67.4
149,136,53.8
149,137,88.4
149,138,82.0
149,139,67.8
170,134,71.4
170,135,53.6
170,136,66.5
170,139,94.1
172,132,66.9
172,133,71.2
172,134,41.1
172,135,70.1
172,136,65.8
172,137,54.1
172,138,90.3
172,139,100.0
195,131,47.3
195,132,69.6
195,133,77.3
195,134,60.3
195,135,91.5
195,136,72.0
195,137,84.9
195,138,93.4
198,135,61.3
198,136,58.6
198,137,72.2
198,138,79.6
198,139,75.8
198,130,75.6
219,131,62.8
219,132,95.3
219,133,90.8
219,134,42.0
219,137,85.1
219,139,48.9
219,130,77.3
221,131,50.5
221,132,97.5
221,133,64.0
221,134,20.3
221,135,55.2
221,136,51.3
221,139,63.9
228,131,100.0
228,134,71.5
228,135,48.6
228,136,71.1
228,137,63.1
228,138,67.5
228,139,67.4
228,130,74.1
238,131,83.8
238,134,63.7
238,135,61.9
238,137,58.7
238,139,54.0
243,131,84.1
243,132,41.7
243,134,84.9
243,137,81.5
243,139,62.7
243,130,38.7
265,131,49.4
265,132,30.7
265,133,72.6
265,134,77.9
265,136,71.0
265,137,71.4
265,139,74.9
265,130,72.1
268,131,66.5
268,132,70.0
268,134,92.1
268,136,91.9
268,137,35.6
268,138,76.1
289,131,77.0
289,132,64.7
289,135,68.0
289,137,75.0
289,138,77.8
289,139,60.2
289,130,80.0
296,131,78.2
296,132,67.9
296,134,79.5
296,135,60.2
296,139,72.0
298,131,82.0
298,132,79.2
298,133,74.6
298,134,86.6
298,135,45.6
298,136,68.1
298,137,76.9
298,138,52.1
298,139,76.5
298,130,78.7
308,132,80.1
308,133,73.6
308,134,42.1
308,135,85.0
308,137,86.2
308,138,81.5
308,130,81.3
310,131,68.6
310,132,69.2
310,133,89.6
310,135,75.8
310,136,64.1
310,137,66.3
310,130,65.8
316,131,69.5
316,133,71.0
316,135,68.6
316,136,77.2
316,139,47.9
328,131,65.1
328,133,60.8
328,134,76.0
328,135,64.7
328,136,78.7
328,137,67.0
328,138,36.1
328,139,72.0
328,130,78.1
336,131,55.6
336,132,35.0
336,134,80.1
336,137,74.0
336,138,51.9
336,130,93.8
365,131,78.3
365,134,62.0
365,135,75.1
365,136,56.3
365,130,72.8
386,131,57.3
386,132,60.6
386,135,98.7
386,136,88.6
386,137,51.9
386,138,55.6
386,139,100.0
386,130,54.3
388,134,87.7
388,137,67.2
388,138,74.8
388,139,77.2
388,130,47.2
391,131,73.9
391,133,69.8
391,134,57.1
391,136,66.1
391,138,69.1
391,139,72.3
391,130,100.0
392,132,48.7
392,133,86.4
392,136,71.8
392,138,89.0
392,139,57.3
392,130,84.9
399,132,59.7
399,133,63.7
399,135,66.3
399,137,63.0
399,139,48.2
399,130,77.9
400,131,65.4
400,132,55.0
400,134,53.0
400,135,77.9
400,136,56.0
400,138,88.5
400,139,92.7
400,130,73.7
406,131,61.2
406,132,83.5
406,133,88.4
406,134,72.2
406,135,59.9
406,136,94.6
406,138,66.5
406,139,92.3
406,130,69.7
410,131,78.6
410,132,60.8
410,133,54.5
410,134,73.4
410,135,75.4
410,136,90.0
410,137,82.8
410,139,58.3
410,130,71.6
427,132,92.5
427,135,48.8
427,136,93.3
427,137,61.9
427,138,94.7
427,130,76.2
430,131,68.2
430,132,82.6
430,133,87.0
430,134,84.8
430,135,77.7
430,137,58.2
430,139,89.7
430,130,61.0
439,132,87.6
439,134,76.3
439,135,78.5
439,136,59.4
439,138,48.5
439,139,96.1
439,130,83.0
447,131,73.3
447,132,65.6
447,134,55.7
447,135,87.7
447,138,56.2
447,130,74.2
448,131,66.4
448,133,63.3
448,134,61.7
448,136,85.1
448,137,47.3
448,138,51.0
448,139,60.0
453,131,63.7
453,132,60.4
453,135,57.4
453,136,55.1
453,137,61.6
462,131,53.5
462,132,81.7
462,133,69.9
462,134,58.5
462,137,71.4
462,138,39.9
462,139,55.0
462,130,87.0
488,131,56.2
488,132,49.3
488,133,63.9
488,136,60.0
488,137,100.0
488,138,100.0
488,130,82.3
511,131,51.9
511,132,69.8
511,134,47.3
511,136,69.3
511,139,84.8
511,130,64.7
512,131,77.9
512,132,78.5
512,133,72.4
512,134,45.0
512,135,70.4
512,136,77.6
512,137,93.0
512,138,89.5
519,131,64.6
519,133,78.1
519,134,75.6
519,137,58.4
519,139,67.7
519,130,79.0
522,131,71.6
522,132,75.6
522,133,45.3
522,134,86.1
522,135,78.3
522,138,57.0
522,139,42.2
522,130,82.0
525,131,74.3
525,133,100.0
525,134,89.0
525,135,56.3
525,137,77.4
525,138,79.5
525,130,56.0
529,132,49.1
529,134,71.5
529,137,75.7
529,138,47.3
529,139,71.7
530,131,100.0
530,132,54.6
530,133,78.3
530,134,97.0
530,135,36.9
530,137,63.2
546,132,79.5
546,134,91.0
546,135,73.0
546,137,69.8
546,139,59.9
553,133,60.2
553,134,60.8
553,135,60.0
553,137,78.8
553,138,73.7
553,130,71.6
562,131,96.8
562,133,78.5
562,134,76.3
562,135,69.7
562,136,59.4
562,137,56.1
562,138,66.7
562,130,74.0
568,131,76.8
568,133,68.5
568,136,82.7
568,137,59.2
568,139,81.5
568,130,70.9
569,131,79.1
569,133,73.3
569,134,55.6
569,135,80.6
569,137,89.7
569,138,75.8
569,130,51.8
586,131,70.3
586,132,72.6
586,133,100.0
586,134,15.0
586,135,60.4
586,137,75.9
586,138,58.4
586,139,61.6
591,131,68.2
591,132,66.4
591,133,61.8
591,134,83.8
591,135,86.2
591,138,89.8
591,139,67.7
591,130,84.9
600,131,64.3
600,132,54.5
600,133,76.8
600,134,51.1
600,135,67.6
600,136,59.9
600,137,75.2
600,138,63.3
600,130,77.9
601,131,70.2
601,132,75.8
601,133,80.1
601,134,70.9
601,137,54.6
601,139,72.4
601,130,42.8
617,131,67.8
617,132,78.0
617,135,78.7
617,136,54.1
617,137,50.1
617,139,78.7
617,130,96.4
626,132,68.5
626,133,56.8
626,134,69.6
626,135,78.2
626,136,77.5
626,138,54.5
626,139,53.9
633,131,79.7
633,132,51.2
633,134,79.3
633,135,47.3
633,136,64.3
633,138,66.7
633,130,85.2
649,131,67.9
649,132,67.2
649,133,52.0
649,134,64.9
649,135,68.6
649,137,88.9
649,138,45.1
649,139,77.2
649,130,65.1
656,131,52.9
656,132,74.3
656,134,60.5
656,136,56.2
656,137,76.9
661,132,67.1
661,133,70.0
661,135,68.4
661,136,45.8
661,137,53.0
661,139,78.3
661,130,46.1
663,131,79.3
663,133,62.2
663,134,83.3
663,136,84.5
663,137,62.5
663,138,65.1
663,130,74.7
668,131,58.5
668,133,86.8
668,134,39.7
668,135,67.5
668,136,54.8
668,137,84.9
668,138,75.6
668,139,62.4
668,130,96.2
669,131,32.1
669,134,74.6
669,135,55.7
669,136,100.0
669,137,80.3
669,138,80.8
669,139,64.2
669,130,63.2
676,131,72.1
676,132,49.7
676,133,69.9
676,136,53.0
676,137,90.8
676,138,50.4
676,139,85.8
676,130,74.4
680,131,49.3
680,132,76.5
680,135,90.6
680,137,85.8
680,139,85.6
680,130,65.7
683,131,72.7
683,132,71.1
683,134,62.1
683,135,98.2
683,137,64.0
683,138,74.3
683,139,98.6
687,131,47.0
687,132,72.3
687,133,62.2
687,136,80.1
687,138,59.3
695,131,62.8
695,132,83.2
695,133,55.5
695,134,89.3
695,135,83.5
695,136,88.1
695,137,82.6
695,130,57.9
704,131,92.4
704,133,84.9
704,134,55.0
704,135,82.2
704,137,27.4
704,138,82.8
704,139,63.1
704,130,85.3
713,131,78.1
713,132,55.3
713,133,69.7
713,134,77.6
713,135,58.6
713,136,61.9
713,137,32.5
713,139,59.0
713,130,68.5
715,132,66.0
715,134,38.5
715,135,55.9
715,136,69.4
715,137,85.9
715,138,53.7
715,139,85.3
715,130,74.8
730,132,64.0
730,133,100.0
730,134,66.7
730,135,100.0
730,137,89.3
730,138,72.3
730,130,40.2
738,132,83.3
738,133,57.4
738,134,76.4
738,135,79.7
738,137,73.1
738,138,92.2
738,139,65.8
738,130,46.0
754,131,78.3
754,134,61.6
754,135,100.0
754,136,97.8
754,137,75.5
754,138,72.5
754,130,58.9
781,132,45.2
781,135,60.7
781,136,99.6
781,137,46.0
781,138,64.1
781,139,88.8
781,130,60.8
788,131,41.4
788,133,91.3
788,136,49.8
788,137,65.3
788,138,83.6
788,139,37.3
792,132,68.1
792,134,55.5
792,135,79.5
792,136,71.5
792,137,54.9
792,138,91.2
792,139,74.1
792,130,89.5
801,132,93.3
801,134,61.6
801,135,77.5
801,136,74.4
801,137,83.4
801,138,83.0
801,130,76.3
803,131,69.1
803,132,73.8
803,133,59.2
803,135,39.1
803,136,100.0
803,137,87.9
803,130,85.4
806,131,70.0
806,132,50.1
806,133,56.4
806,134,72.5
806,135,81.4
806,137,48.6
806,138,75.5
806,139,83.3
806,130,82.3
812,131,41.0
812,134,66.5
812,137,62.9
812,138,80.6
812,130,79.7
817,131,69.1
817,132,83.5
817,133,72.5
817,134,78.0
817,135,60.8
817,136,74.6
817,137,75.3
817,138,78.0
817,139,75.2
817,130,71.9
831,131,62.4
831,132,85.0
831,133,81.7
831,134,69.4
831,136,29.4
831,138,73.8
831,139,70.7
831,130,58.4
839,131,93.4
839,132,74.6
839,133,72.7
839,135,77.0
839,137,88.7
839,139,44.2
839,130,71.0
840,133,62.7
840,134,77.0
840,135,75.2
840,137,84.5
840,138,56.5
840,139,67.9
840,130,69.6
842,131,85.9
842,132,88.3
842,134,75.6
842,136,65.0
842,137,67.3
842,138,39.9
842,139,62.3
842,130,93.1
845,131,52.7
845,133,56.9
845,134,60.8
845,135,68.9
845,136,65.5
845,137,77.6
845,138,75.4
845,130,64.8
854,131,71.6
854,132,72.6
854,134,98.1
854,135,66.1
854,138,86.6
854,139,97.3
854,130,56.9
859,131,66.5
859,132,100.0
859,133,54.1
859,134,73.3
859,136,58.1
859,137,97.1
859,138,44.2
859,130,74.7
875,131,73.5
875,132,70.8
875,133,61.7
875,134,70.6
875,135,66.3
875,137,80.3
875,138,82.6
875,139,56.0
875,130,84.0
890,131,54.1
890,132,54.3
890,135,89.5
890,136,56.1
890,138,63.2
890,139,71.0
890,130,61.9
891,131,92.0
891,133,76.3
891,135,65.2
891,136,62.8
891,138,72.5
891,139,84.4
893,131,70.4
893,132,65.4
893,133,70.8
893,135,80.5
893,136,59.0
893,137,82.2
893,138,70.3
898,131,86.6
898,132,77.5
898,133,100.0
898,136,75.2
898,137,62.5
898,138,75.0
898,139,77.3
910,131,52.0
910,132,65.6
910,133,65.7
910,134,53.0
910,135,73.7
910,136,69.3
910,137,48.3
910,138,72.4
910,139,78.7
910,130,72.2
927,132,69.3
927,134,87.8
927,135,56.5
927,136,61.7
927,138,62.6
927,139,75.1
927,130,62.2
929,132,63.7
929,133,81.7
929,134,53.6
929,136,70.6
929,137,54.1
929,138,53.7
929,139,66.6
929,130,71.4
936,131,59.5
936,134,74.7
936,135,59.3
936,136,93.1
936,137,69.4
936,139,76.1
954,131,86.3
954,132,90.7
954,137,84.7
954,139,88.3
963,131,64.9
963,133,91.3
963,135,70.6
963,136,92.6
963,130,83.6
965,131,93.7
965,135,54.6
965,136,40.1
965,137,68.3
987,132,80.4
987,134,70.2
987,135,64.0
987,136,53.3
987,137,45.9
987,139,57.5
3,151,82.7
3,152,90.5
3,153,84.4
3,154,84.0
3,155,64.9
3,156,40.8
3,157,81.4
3,159,75.3
3,150,100.0
24,151,65.9
24,152,60.3
24,153,74.0
24,156,83.0
24,157,79.9
24,158,79.6
24,159,60.1
24,150,75.3
38,152,68.4
38,153,56.1
38,154,75.2
38,155,89.9
38,150,72.3
43,152,73.5
43,155,99.5
43,156,63.1
43,157,58.5
43,159,66.0
59,152,77.6
59,153,84.4
59,154,86.0
59,155,70.3
59,156,71.3
59,158,91.5
59,150,74.5
74,152,81.2
74,153,58.3
74,156,60.3
74,158,69.5
74,159,65.3
74,150,100.0
79,151,87.7
79,152,76.7
79,153,60.7
79,154,85.3
79,156,73.8
79,157,72.3
79,158,50.4
79,159,63.0
93,151,81.6
93,152,55.6
93,154,69.9
93,156,63.7
93,159,62.8
93,150,78.4
140,151,100.0
140,153,66.1
140,154,59.9
140,155,85.9
140,156,82.8
140,159,33.8
140,150,78.0
141,151,49.4
141,152,65.2
141,153,72.4
141,154,71.6
141,155,36.2
141,156,87.3
141,157,77.3
141,158,77.6
141,159,63.7
146,152,77.9
146,153,54.2
146,154,66.3
146,155,58.7
146,156,66.6
146,157,54.0
146,159,77.0
161,151,59.0
161,152,63.0
161,153,82.3
161,155,70.8
161,156,69.2
161,157,74.6
161,159,49.4
171,151,53.2
171,152,90.1
171,153,71.9
171,154,53.2
171,157,86.0
171,158,68.6
171,159,80.8
171,150,79.2
179,153,64.3
179,154,51.2
179,155,71.7
179,157,59.4
179,158,75.4
179,159,80.5
180,151,70.1
180,152,44.3
180,154,59.2
180,155,53.4
180,156,87.3
180,158,74.2
180,150,71.9
197,151,86.9
197,152,62.1
197,153,55.2
197,154,52.4
197,156,84.2
197,157,95.5
197,158,99.9
197,159,83.9
203,151,77.4
203,152,93.9
203,153,85.0
203,155,76.7
203,157,66.7
203,158,77.2
203,159,55.9
203,150,65.6
207,152,69.0
207,154,52.7
207,155,52.8
207,156,56.4
207,157,28.7
207,158,96.4
207,159,47.9
209,151,61.5
209,153,54.1
209,155,100.0
209,156,69.3
209,158,55.4
209,150,100.0
214,151,100.0
214,152,82.6
214,153,71.2
214,154,52.7
214,156,39.3
214,157,60.5
214,158,56.6
214,150,62.2
216,151,60.3
216,154,61.2
216,155,54.0
216,156,73.4
216,158,67.6
216,159,77.5
216,150,53.8
226,151,70.0
226,152,77.7
226,153,76.4
226,155,94.2
226,156,76.8
226,157,91.6
226,159,71.8
226,150,45.2
229,151,88.2
229,152,53.7
229,154,63.3
229,155,88.9
229,156,51.9
229,157,66.4
229,158,70.6
229,159,73.5
229,150,83.7
230,151,88.4
230,152,46.9
230,155,64.3
230,156,64.9
230,158,28.6
230,159,83.3
230,150,49.5
235,151,76.5
235,154,99.9
235,155,57.4
235,156,89.6
235,158,61.6
235,150,44.1
241,151,69.8
241,153,73.9
241,154,70.0
241,157,61.2
241,158,64.5
241,150,70.5
248,151,29.7
248,152,56.8
248,153,70.3
248,155,63.7
248,156,57.6
248,158,39.1
248,159,81.8
248,150,74.0
255,151,44.6
255,152,51.5
255,153,92.9
255,155,64.5
255,156,90.1
255,158,70.1
255,159,41.0
256,151,58.6
256,153,49.1
256,154,68.2
256,156,70.7
256,158,62.7
256,159,59.5
256,150,77.0
267,151,39.7
267,152,79.6
267,153,50.7
267,154,61.9
267,156,42.0
267,157,84.6
267,158,74.6
267,159,78.4
267,150,68.6
280,151,87.3
280,156,49.8
280,157,76.3
280,158,63.9
280,159,57.4
285,151,92.9
285,152,82.2
285,153,59.9
285,154,61.6
285,156,83.9
285,150,87.7
314,151,73.1
314,152,55.9
314,153,91.2
314,155,60.1
314,157,100.0
314,158,41.3
314,159,71.7
314,150,70.6
324,153,83.7
324,154,52.4
324,156,85.7
324,158,86.2
324,159,70.9
324,150,78.3
326,151,85.8
326,152,48.0
326,153,64.2
326,154,62.3
326,157,79.3
326,158,61.4
326,159,60.3
326,150,65.2
327,151,30.4
327,152,93.2
327,153,92.9
327,154,58.4
327,155,62.7
327,156,84.9
327,158,70.9
327,159,57.5
334,152,81.8
334,153,83.2
334,155,58.5
334,156,87.7
334,157,54.7
334,158,39.6
334,159,90.2
341,151,77.9
341,152,79.3
341,153,100.0
341,156,50.7
341,158,69.1
341,159,44.2
341,150,85.2
351,151,48.3
351,152,75.1
351,153,83.7
351,154,55.0
351,156,82.6
351,158,58.8
351,150,61.1
359,151,46.4
359,152,65.3
359,153,67.8
359,154,81.7
359,155,71.8
359,156,72.4
359,150,74.3
370,154,60.9
370,156,37.9
370,158,81.6
370,150,79.1
375,151,85.0
375,152,89.8
375,154,51.0
375,156,86.7
375,157,53.7
375,159,69.0
379,151,68.7
379,154,69.6
379,155,59.2
379,156,58.9
379,157,90.0
379,158,62.4
379,159,66.0
396,152,68.8
396,153,57.1
396,155,64.1
396,157,64.9
396,158,68.0
396,159,63.7
396,150,70.5
409,151,68.3
409,153,84.4
409,154,66.3
409,155,67.3
409,156,52.4
409,157,54.6
409,158,79.5
409,159,58.5
409,150,91.8
423,151,77.2
423,152,46.5
423,153,77.6
423,154,75.6
423,156,71.1
423,157,56.8
423,159,86.1
423,150,92.7
432,151,86.4
432,154,83.8
432,155,76.9
432,157,75.7
432,158,71.3
432,159,81.3
437,151,62.4
437,152,46.7
437,153,53.9
437,154,64.1
437,155,83.4
437,156,57.3
437,157,72.9
437,159,71.6
437,150,68.1
440,151,46.0
440,152,84.4
440,155,87.6
440,156,68.1
440,157,64.1
440,158,92.6
440,150,59.9
451,151,77.3
451,152,79.0
451,153,48.7
451,154,62.6
451,155,62.5
451,159,77.7
451,150,63.0
469,151,100.0
469,153,84.0
469,154,62.7
469,155,68.0
469,158,59.8
469,159,71.3
469,150,77.2
480,151,88.1
480,152,65.6
480,153,58.5
480,154,100.0
480,157,99.6
480,158,49.6
480,159,92.6
487,151,56.7
487,152,83.2
487,153,65.4
487,157,94.8
487,158,57.1
487,159,36.4
487,150,59.1
489,153,46.9
489,154,59.7
489,155,71.1
489,157,91.3
489,158,55.8
489,150,55.4
491,154,65.4
491,155,90.1
491,157,59.7
491,159,47.2
491,150,57.6
496,151,46.6
496,152,90.2
496,153,79.6
496,154,82.9
496,156,41.9
496,157,89.1
496,158,69.3
498,152,98.1
498,153,68.9
498,154,98.6
498,156,55.9
498,157,73.8
498,158,71.8
498,159,66.8
498,150,61.9
504,151,56.4
504,153,70.0
504,154,85.1
504,156,54.6
504,158,76.9
504,159,52.8
504,150,80.0
506,151,100.0
506,152,67.6
506,154,61.4
506,156,81.3
506,157,84.0
506,158,92.9
506,150,54.8
518,152,73.8
518,153,69.4
518,156,67.9
518,157,63.9
518,158,43.0
518,159,86.2
518,150,100.0
532,151,52.6
532,152,58.5
532,154,81.8
532,156,71.4
532,158,58.3
565,152,60.1
565,153,56.9
565,154,33.2
565,155,91.7
565,156,78.1
565,157,55.0
565,158,94.2
565,159,54.4
571,151,59.8
571,152,50.2
571,154,66.2
571,155,65.3
571,156,58.3
571,157,73.5
571,158,68.1
571,150,78.6
572,151,52.8
572,152,66.2
572,153,49.6
572,155,45.8
572,158,86.7
572,150,58.5
579,151,37.3
579,152,49.6
579,153,67.2
579,154,60.9
579,155,95.3
579,157,83.2
580,151,91.3
580,152,72.6
580,154,49.6
580,155,95.4
580,158,88.4
580,159,52.5
580,150,54.8
585,151,78.4
585,152,49.3
585,153,42.9
585,154,55.8
585,156,86.2
585,157,76.0
585,158,63.6
585,159,59.8
585,150,64.9
587,152,93.4
587,155,53.7
587,156,61.3
587,157,79.8
587,159,52.7
587,150,71.1
609,151,79.4
609,152,47.4
609,154,46.1
609,155,45.9
609,156,52.1
609,158,66.8
609,150,84.2
620,151,33.0
620,153,86.7
620,155,67.6
620,156,61.6
620,157,78.6
620,158,66.0
620,150,67.1
635,151,93.7
635,152,64.4
635,153,67.8
635,154,90.5
635,155,100.0
635,156,78.7
635,157,54.7
635,150,62.2
637,151,67.5
637,152,92.7
637,155,77.1
637,156,77.0
637,157,61.8
637,158,49.2
637,159,64.5
641,152,69.7
641,153,64.7
641,154,80.5
641,155,76.3
641,156,100.0
641,157,59.9
641,158,89.4
641,159,86.1
641,150,52.0
651,152,49.2
651,153,80.9
651,154,85.3
651,158,75.8
651,159,70.6
653,152,52.4
653,153,56.4
653,158,97.9
653,159,50.2
693,151,55.7
693,152,64.7
693,153,84.0
693,155,55.3
693,157,96.0
693,159,88.6
693,150,66.1
694,151,69.2
694,152,59.1
694,154,59.6
694,155,59.9
694,156,68.2
694,157,32.5
694,158,77.8
694,159,70.4
709,152,54.4
709,153,93.4
709,154,76.6
709,155,72.3
709,157,93.5
709,158,39.5
709,159,58.8
716,151,79.6
716,152,59.2
716,153,99.8
716,154,62.6
716,155,89.7
716,157,82.1
716,158,76.2
716,159,57.5
716,150,73.0
717,151,79.1
717,152,77.8
717,153,67.9
717,155,100.0
717,156,62.1
717,157,63.2
717,158,64.7
717,150,64.9
718,151,71.3
718,153,73.7
718,154,61.6
718,155,59.9
718,156,69.8
718,157,72.5
718,159,72.9
718,150,47.1
741,151,51.5
741,152,77.4
741,153,70.6
741,154,87.1
741,155,42.1
741,157,85.0
741,159,79.5
741,150,68.8
746,151,78.5
746,152,76.4
746,154,99.7
746,156,49.5
746,158,83.8
746,150,69.6
750,151,74.0
750,153,91.4
750,155,90.9
750,157,100.0
750,150,63.6
755,151,100.0
755,153,67.0
755,154,52.7
755,155,63.8
755,157,56.1
755,158,81.6
755,159,68.8
755,150,52.0
762,152,85.7
762,155,75.7
762,157,76.1
762,158,95.5
762,159,62.4
776,151,78.5
776,152,69.3
776,153,94.2
776,154,61.6
776,155,73.8
776,157,75.5
776,158,88.2
776,159,75.7
787,151,71.8
787,153,64.9
787,156,86.8
787,158,70.8
787,159,83.6
787,150,33.4
789,154,75.9
789,155,65.3
789,156,58.3
789,150,94.0
790,151,83.5
790,154,62.3
790,156,83.9
790,157,77.4
790,159,74.2
790,150,65.4
804,151,49.0
804,152,63.4
804,153,61.5
804,154,99.0
804,156,86.5
804,157,49.1
804,158,61.7
804,159,63.0
804,150,42.7
813,151,74.8
813,152,70.6
813,153,74.9
813,154,48.4
813,155,70.4
813,156,55.6
813,158,70.1
813,159,47.4
815,151,83.8
815,153,71.8
815,154,92.8
815,156,64.0
815,157,61.3
815,158,76.3
815,159,57.0
815,150,65.5
818,151,61.2
818,152,67.1
818,153,84.9
818,154,69.0
818,155,66.2
818,156,81.2
818,157,93.2
818,158,93.1
818,159,51.2
818,150,100.0
821,151,66.6
821,152,82.3
821,154,59.2
821,155,73.9
821,156,79.0
821,157,62.7
821,158,66.2
821,159,85.1
821,150,75.7
837,151,84.2
837,152,71.6
837,153,44.1
837,154,53.6
837,155,53.1
837,157,79.1
837,158,64.5
837,159,64.3
843,152,52.2
843,153,72.1
843,154,100.0
843,155,70.1
843,156,73.0
843,157,67.3
843,158,98.8
843,159,100.0
844,151,58.2
844,152,55.1
844,153,75.5
844,154,73.8
844,156,58.5
844,157,77.8
844,159,81.4
844,150,85.1
853,151,98.5
853,152,68.8
853,154,86.5
853,156,26.3
853,157,88.3
853,150,63.8
856,152,67.5
856,153,66.5
856,154,61.7
856,155,80.2
856,156,60.1
856,150,66.1
860,151,65.4
860,152,71.8
860,153,55.3
860,156,84.5
860,157,76.2
860,159,70.7
860,150,76.1
865,151,53.4
865,152,75.8
865,153,58.6
865,155,61.6
865,159,75.7
867,152,77.4
867,153,53.4
867,154,39.7
867,156,68.6
867,150,57.6
868,151,77.1
868,152,60.4
868,153,65.2
868,155,68.3
868,156,76.0
868,159,48.5
868,150,82.5
882,152,90.6
882,153,44.4
882,155,57.2
882,150,42.6
886,152,90.1
886,153,100.0
886,154,94.9
886,157,80.9
886,158,34.8
887,152,58.0
887,154,62.8
887,155,73.2
887,157,98.6
887,158,69.7
887,159,92.0
888,153,48.5
888,154,64.4
888,155,71.8
888,157,68.5
888,159,84.8
888,150,64.3
899,151,66.6
899,152,61.3
899,154,65.2
899,156,71.7
899,157,62.6
899,158,27.2
899,159,75.6
904,151,63.8
904,153,71.2
904,155,60.2
904,156,100.0
904,158,68.8
905,151,70.0
905,153,64.5
905,154,70.2
905,155,91.9
905,156,65.5
905,159,52.2
905,150,71.7
908,151,69.2
908,153,46.7
908,154,69.6
908,156,73.7
908,157,66.7
908,150,80.1
909,151,63.7
909,152,80.7
909,155,65.0
909,156,53.7
909,157,72.3
909,158,100.0
909,159,41.9
909,150,77.7
919,151,41.7
919,152,80.0
919,153,70.6
919,154,99.2
919,155,63.3
919,156,44.3
919,157,76.7
919,158,57.1
919,159,72.3
919,150,64.4
920,151,75.2
920,152,85.2
920,153,74.2
920,156,83.4
920,158,65.0
920,159,86.2
922,151,75.4
922,152,92.5
922,153,90.9
922,154,58.3
922,156,80.4
922,157,38.8
922,158,88.5
922,159,67.4
922,150,79.0
928,151,52.2
928,154,77.0
928,155,92.4
928,156,64.5
928,157,57.3
928,159,52.9
933,151,57.6
933,152,71.0
933,153,96.8
933,154,76.0
933,155,34.7
933,158,90.1
933,150,100.0
934,151,49.6
934,152,59.3
934,154,83.9
934,155,73.8
934,156,79.1
934,157,61.1
934,159,79.8
937,151,22.8
937,153,65.4
937,155,37.3
937,156,73.5
937,157,70.0
937,159,69.3
940,151,96.2
940,154,66.9
940,156,100.0
940,158,58.2
940,159,80.1
945,151,26.3
945,152,51.9
945,153,81.2
945,154,20.7
945,155,90.9
945,156,96.2
945,157,57.0
945,158,83.5
945,159,57.7
945,150,82.3
949,152,83.4
949,153,38.9
949,155,63.6
949,157,79.5
949,158,71.0
949,159,67.4
949,150,49.6
950,151,57.5
950,154,82.3
950,155,71.6
950,157,59.0
950,159,68.2
950,150,86.6
953,151,53.1
953,152,59.5
953,153,76.8
953,154,74.7
953,155,65.2
953,157,83.7
953,158,37.1
953,159,44.8
953,150,66.3
988,151,60.3
988,152,67.3
988,153,65.3
988,154,74.5
988,155,100.0
988,156,79.9
988,157,79.9
988,158,44.7
988,159,69.4
988,150,63.3
1000,151,65.4
1000,152,89.8
1000,153,72.1
1000,154,68.2
1000,155,56.4
1000,156,89.5
1000,157,80.1
1000,159,77.9
1000,150,72.3
4,81,68.6
4,83,78.7
4,84,64.4
4,85,69.9
4,87,54.6
4,89,92.7
9,81,71.4
9,82,90.2
9,83,62.5
9,84,76.3
9,85,74.2
9,87,86.8
9,88,69.3
9,89,60.4
9,80,81.8
14,82,37.9
14,83,53.6
14,85,78.2
14,86,96.7
14,88,88.4
14,89,37.0
28,81,82.8
28,82,65.5
28,83,62.9
28,84,60.7
28,85,52.3
28,86,94.8
28,87,74.6
28,88,71.1
28,89,77.0
28,80,99.2
34,82,69.0
34,85,60.1
34,86,72.5
34,89,78.6
35,82,62.9
35,83,38.7
35,84,70.9
35,87,100.0
35,80,78.6
49,81,72.2
49,83,67.0
49,84,84.1
49,85,86.5
49,86,51.6
49,89,62.2
54,81,53.7
54,82,72.8
54,84,51.7
54,87,48.6
54,89,80.8
54,80,77.0
64,81,65.6
64,82,66.6
64,85,45.6
64,86,50.6
64,87,50.1
64,88,78.6
64,80,60.6
75,81,70.7
75,82,70.8
75,84,73.4
75,85,52.4
75,87,76.1
75,88,75.9
75,89,78.9
75,80,95.9
82,82,63.8
82,83,66.5
82,84,60.7
82,85,42.9
82,89,59.1
85,83,79.1
85,84,52.7
85,85,62.8
85,87,50.7
85,88,77.4
85,89,72.8
85,80,80.7
88,81,71.3
88,82,69.3
88,83,77.8
88,84,36.8
88,85,82.3
88,86,76.3
88,87,67.4
88,88,53.8
88,89,67.5
88,80,75.5
89,81,57.3
89,82,29.5
89,83,54.8
89,84,64.6
89,85,40.0
89,87,70.2
89,88,77.6
89,80,57.3
95,83,54.6
95,85,84.9
95,86,69.0
95,87,63.0
95,89,81.8
95,80,60.9
97,81,97.7
97,82,78.1
97,83,98.3
97,84,53.1
97,86,60.8
97,88,70.3
97,89,71.3
97,80,68.2
113,81,58.0
113,85,53.9
113,86,69.7
113,87,62.2
113,88,47.1
114,81,51.8
114,82,54.6
114,83,72.4
114,84,62.5
114,86,60.3
114,87,78.0
114,88,84.1
114,89,63.2
114,80,68.2
122,81,98.1
122,82,81.1
122,83,88.7
122,84,51.4
122,85,93.6
122,86,46.7
122,87,76.9
122,88,70.3
122,89,88.5
123,81,66.9
123,83,84.6
123,85,82.1
123,86,83.9
123,87,69.5
123,88,92.6
123,89,56.6
123,80,44.4
134,82,90.3
134,84,59.0
134,85,40.8
134,86,82.2
134,87,51.9
134,88,54.9
134,89,72.7
135,81,57.1
135,82,49.0
135,85,76.8
135,86,59.4
135,88,57.9
135,89,84.6
135,80,83.7
138,81,75.6
138,84,79.3
138,87,70.4
138,88,58.3
138,89,44.7
138,80,76.8
144,81,71.8
144,84,85.3
144,86,44.4
144,87,67.4
144,88,62.8
144,89,63.7
144,80,78.6
163,82,85.1
163,83,76.0
163,84,60.9
163,85,76.9
163,86,100.0
163,87,65.3
163,89,56.6
168,81,51.8
168,82,63.0
168,83,78.7
168,84,79.2
168,85,65.0
168,86,66.1
168,87,63.1
168,88,74.0
168,89,72.0
168,80,74.2
169,81,72.3
169,82,47.6
169,84,77.6
169,85,64.0
169,86,60.8
169,89,58.4
169,80,95.3
175,81,66.9
175,82,85.8
175,84,73.2
175,85,64.5
175,86,36.5
175,87,63.7
175,88,98.2
182,83,88.1
182,86,78.9
182,87,44.8
182,89,45.1
186,82,94.4
186,83,92.3
186,85,74.8
186,86,56.7
186,80,56.5
190,82,45.7
190,83,49.9
190,84,63.9
190,86,59.5
190,87,41.0
190,88,58.9
190,89,81.1
190,80,86.5
204,81,74.6
204,82,95.0
204,86,76.3
204,87,75.0
204,88,31.1
204,89,59.3
205,81,55.9
205,82,91.7
205,88,64.2
227,81,62.8
227,82,75.6
227,83,77.4
227,84,79.6
227,85,64.4
227,86,53.2
227,87,74.3
227,88,76.9
227,89,90.4
227,80,90.1
232,81,100.0
232,82,91.4
232,83,95.6
232,84,53.2
232,85,63.9
232,87,81.5
232,89,99.0
232,80,59.1
233,82,56.9
233,85,80.7
233,86,47.2
233,87,68.9
233,88,72.1
233,80,75.8
303,82,67.3
303,84,76.3
303,85,57.0
303,86,70.1
303,87,69.6
303,88,68.1
303,89,64.0
303,80,44.6
315,81,95.5
315,82,57.9
315,83,72.0
315,84,61.6
315,85,92.7
315,87,54.0
315,88,69.6
315,89,76.4
315,80,68.7
330,81,83.0
330,83,71.1
330,84,55.2
330,87,85.9
330,88,54.2
340,81,73.9
340,83,72.2
340,84,41.1
340,85,71.0
340,87,82.0
340,88,100.0
340,89,66.8
340,80,64.0
357,81,100.0
357,82,59.0
357,83,41.1
357,84,71.7
357,85,38.5
357,86,70.1
357,87,72.5
357,88,87.7
360,81,80.9
360,82,81.7
360,83,82.8
360,87,68.5
360,88,82.3
360,89,83.4
360,80,81.1
380,82,42.2
380,83,83.0
380,84,55.5
380,85,53.9
380,86,81.5
380,87,78.3
380,88,76.7
380,89,83.9
393,81,47.3
393,82,79.9
393,83,80.4
393,84,68.4
393,85,56.7
393,87,63.4
393,88,73.8
393,89,66.8
393,80,48.5
401,81,72.6
401,82,89.6
401,83,100.0
401,84,52.4
401,86,91.5
401,87,81.9
401,88,89.3
401,89,75.5
401,80,70.4
403,81,49.3
403,82,69.1
403,85,93.8
403,86,74.1
403,89,88.0
403,80,53.1
408,81,79.5
408,82,60.9
408,83,74.3
408,84,79.3
408,85,84.6
408,86,75.9
408,87,69.0
408,88,92.9
408,80,92.5
424,83,100.0
424,84,83.4
424,87,64.8
424,88,79.6
424,89,88.9
436,82,63.8
436,83,61.3
436,84,69.6
436,87,79.8
436,88,80.9
436,80,48.6
444,81,70.1
444,82,73.4
444,83,65.3
444,86,43.0
444,88,50.9
444,80,82.5
455,81,60.8
455,82,96.1
455,86,65.2
455,87,75.0
455,89,58.4
460,82,68.7
460,83,93.6
460,84,77.9
460,85,69.9
460,86,64.3
460,88,40.3
460,89,61.5
460,80,58.2
464,81,55.1
464,82,68.6
464,86,73.4
464,87,54.6
464,88,63.3
464,89,71.3
472,81,47.8
472,82,91.9
472,83,46.2
472,86,85.7
472,87,80.2
472,88,73.6
472,89,53.5
472,80,61.6
481,81,85.2
481,82,47.8
481,83,77.1
481,87,73.1
481,88,81.3
481,89,62.3
482,81,83.4
482,84,63.6
482,85,75.7
482,86,86.4
482,87,56.9
482,88,70.4
482,89,53.7
482,80,86.8
484,81,64.8
484,82,82.0
484,83,87.8
484,84,57.6
484,85,86.3
484,86,67.7
484,87,60.5
484,88,66.9
484,89,63.9
484,80,57.4
485,81,69.7
485,82,75.7
485,83,76.0
485,85,73.2
485,88,59.8
485,89,77.1
485,80,45.0
486,81,70.8
486,82,83.5
486,84,53.6
486,86,85.0
486,87,39.0
486,88,79.1
486,89,53.7
486,80,57.7
514,82,64.7
514,83,87.3
514,84,78.9
514,85,51.2
514,87,67.4
514,88,55.9
514,89,68.7
514,80,83.3
521,81,64.1
521,82,71.0
521,83,71.8
521,84,67.3
521,85,66.7
521,87,69.1
521,89,100.0
524,81,42.1
524,82,62.3
524,85,72.7
524,86,85.0
524,87,78.1
524,89,75.6
524,80,69.3
536,82,88.3
536,83,56.0
536,85,80.4
536,86,64.2
536,87,62.1
544,81,53.3
544,83,60.6
544,84,93.3
544,85,76.6
544,86,96.6
544,87,68.5
544,80,61.1
554,81,69.2
554,82,47.0
554,83,65.2
554,84,71.7
554,86,72.1
554,88,71.4
554,80,63.0
555,81,49.1
555,82,74.5
555,83,72.9
555,85,76.9
555,86,99.0
555,87,79.8
555,88,81.5
555,89,74.8
555,80,62.7
556,81,78.7
556,82,82.9
556,85,77.6
556,86,55.3
556,87,90.5
556,89,64.7
563,81,75.5
563,82,68.9
563,83,88.6
563,84,67.6
563,85,75.1
563,86,65.7
563,87,40.3
563,89,67.9
563,80,51.4
570,81,60.1
570,82,65.8
570,86,80.5
570,88,75.3
570,80,63.7
574,81,51.6
574,82,63.6
574,83,87.1
574,84,79.7
574,85,73.9
574,86,68.9
574,87,61.3
574,88,100.0
588,81,96.1
588,88,72.1
588,80,61.9
613,81,70.7
613,82,100.0
613,83,70.7
613,84,68.5
613,85,79.7
613,86,100.0
613,87,60.8
613,88,73.0
613,89,66.0
622,83,85.2
622,84,72.4
622,85,96.5
622,86,79.0
622,87,52.2
622,88,65.7
622,80,77.9
624,81,44.8
624,82,91.3
624,83,65.5
624,84,58.5
624,85,73.8
624,86,84.4
624,87,73.0
624,89,45.3
624,80,89.2
634,83,75.8
634,84,79.5
634,85,85.8
634,88,63.8
634,80,67.0
643,82,52.5
643,83,94.4
643,84,84.0
643,86,57.4
643,88,95.0
643,89,57.1
643,80,67.2
646,81,83.8
646,82,54.8
646,84,71.0
646,87,63.2
646,88,43.8
647,81,82.9
647,82,48.2
647,83,59.4
647,84,85.7
647,86,74.3
647,87,83.2
647,88,76.9
647,89,68.9
662,81,78.8
662,84,55.9
662,86,67.0
662,87,94.3
662,88,61.9
662,80,89.3
672,82,84.1
672,83,75.3
672,84,89.1
672,85,72.5
672,86,66.1
672,88,75.7
672,80,62.1
688,81,88.0
688,83,57.3
688,84,77.0
688,85,70.1
688,87,74.2
688,88,69.7
688,89,69.9
691,81,67.0
691,82,77.8
691,84,47.6
691,85,63.5
691,86,76.9
691,87,61.1
691,89,78.6
691,80,62.4
736,82,61.9
736,83,86.2
736,84,99.8
736,85,78.2
736,86,69.1
736,87,86.0
736,89,84.7
736,80,76.8
740,81,61.8
740,82,65.9
740,84,48.1
740,85,88.4
740,86,73.0
740,87,57.6
740,88,61.6
740,89,70.9
740,80,80.2
748,83,44.1
748,84,60.9
748,87,69.7
748,88,80.5
748,89,64.2
753,81,78.3
753,83,100.0
753,85,45.3
753,86,83.7
753,87,71.6
753,88,76.2
753,89,72.6
753,80,61.0
771,81,46.5
771,83,47.3
771,84,71.3
771,86,76.6
771,87,47.9
771,88,46.2
771,89,74.8
771,80,62.2
773,81,82.8
773,83,93.7
773,84,82.2
773,86,70.2
773,87,55.5
773,88,57.2
773,89,49.9
775,81,35.7
775,82,72.3
775,83,47.1
775,84,81.1
775,85,57.5
775,86,63.0
775,88,52.9
775,80,73.7
782,81,88.9
782,83,84.0
782,86,98.0
782,87,73.7
782,88,74.1
782,89,95.0
795,81,74.5
795,83,81.8
795,84,64.1
795,85,83.5
795,86,75.2
795,87,51.1
799,81,53.2
799,83,81.2
799,85,62.1
799,86,71.4
799,87,58.5
799,88,82.4
799,89,85.4
802,81,53.7
802,82,31.6
802,83,88.1
802,84,75.1
802,85,55.7
802,87,56.1
802,88,72.9
802,89,73.7
802,80,80.1
807,81,71.5
807,82,100.0
807,84,83.6
807,85,54.6
807,86,84.7
807,87,71.9
807,89,82.2
807,80,31.8
811,81,65.1
811,82,82.0
811,83,62.8
811,84,80.0
811,85,82.7
811,86,82.4
811,87,62.2
811,88,75.4
811,89,59.2
820,81,61.3
820,82,58.6
820,83,56.6
820,84,67.2
820,87,57.1
820,88,65.7
820,89,85.1
820,80,49.2
824,81,100.0
824,82,99.5
824,83,87.7
824,84,82.5
824,85,58.4
824,86,86.4
824,87,82.5
824,88,82.3
835,81,67.9
835,82,58.7
835,83,49.8
835,84,100.0
835,86,72.3
835,87,62.7
835,88,64.0
835,89,83.5
835,80,92.3
841,81,60.9
841,84,53.4
841,85,87.8
841,87,99.2
841,88,62.2
841,80,85.7
846,81,63.6
846,84,83.7
846,80,95.7
874,81,67.2
874,82,52.6
874,84,75.3
874,85,72.6
874,86,50.3
874,87,81.7
874,88,60.5
874,80,66.0
897,81,77.4
897,83,67.6
897,84,77.6
897,86,100.0
897,87,54.5
897,89,64.1
907,81,81.7
907,83,76.5
907,84,78.9
907,85,87.0
907,89,73.9
907,80,64.2
914,83,90.4
914,84,71.8
914,85,79.2
914,86,66.0
914,87,51.8
914,89,95.3
921,81,80.5
921,82,93.8
921,83,84.3
921,85,71.1
921,86,69.7
921,87,93.3
921,89,86.0
923,81,74.9
923,82,50.5
923,83,74.6
923,84,51.4
923,85,84.7
923,86,55.7
923,87,68.6
923,88,43.3
923,89,76.7
923,80,64.1
926,81,82.4
926,82,74.7
926,83,82.7
926,84,75.9
926,88,84.3
943,81,57.7
943,82,55.2
943,83,69.8
943,84,61.5
943,86,73.9
943,88,74.3
943,89,92.4
943,80,62.8
959,81,68.4
959,82,44.7
959,83,72.1
959,86,74.7
959,88,86.5
959,89,90.9
959,80,91.9
978,81,62.2
978,83,62.3
978,84,36.2
978,85,67.5
978,86,100.0
978,87,70.7
978,89,85.2
978,80,65.6
983,81,61.7
983,82,51.0
983,85,60.1
983,86,64.6
983,87,84.2
983,88,65.4
983,89,40.1
992,81,67.6
992,82,64.0
992,83,83.7
992,84,57.2
992,85,74.6
992,86,67.7
992,87,34.4
992,88,67.6
7,91,58.9
7,92,80.6
7,93,73.7
7,94,68.0
7,95,51.0
7,96,74.1
7,97,77.4
7,98,51.5
7,99,70.6
7,90,89.9
8,91,55.6
8,92,48.5
8,93,57.1
8,95,60.6
8,97,100.0
26,91,64.1
26,92,64.9
26,93,75.0
26,94,69.8
26,95,63.4
26,97,35.3
26,99,84.4
29,91,41.4
29,94,77.4
29,96,85.7
29,98,73.6
29,90,59.4
55,91,57.1
55,92,78.6
55,94,93.3
55,95,51.7
55,96,61.9
55,97,88.1
55,98,65.3
55,99,29.5
55,90,58.4
58,91,68.7
58,92,54.5
58,94,52.9
58,95,44.9
58,98,66.4
98,91,76.3
98,93,50.1
98,94,69.0
98,95,88.5
98,96,59.3
98,98,62.6
98,99,70.7
98,90,57.7
111,92,72.8
111,93,65.2
111,94,74.9
111,97,56.9
111,98,86.9
111,99,52.3
116,91,55.4
116,92,93.0
116,93,86.2
116,95,40.6
116,96,53.3
116,99,75.3
116,90,46.4
118,91,52.1
118,95,64.0
118,97,83.7
118,98,37.7
127,91,100.0
127,93,59.6
127,94,73.8
127,95,79.9
127,98,47.4
127,99,90.9
127,90,61.6
130,93,47.6
130,94,66.8
130,96,67.4
130,97,68.7
130,98,86.5
130,99,66.4
130,90,61.0
133,92,62.6
133,93,65.6
133,96,59.4
133,97,72.4
133,98,67.3
133,99,68.3
137,91,46.5
137,92,82.2
137,94,50.0
137,96,56.3
137,98,82.2
137,99,72.3
137,90,75.0
139,93,59.5
139,94,87.3
139,95,36.0
139,97,67.1
139,98,70.9
139,99,77.7
139,90,69.1
147,92,39.1
147,93,72.3
147,94,100.0
147,96,86.8
147,99,59.0
147,90,95.5
160,92,76.0
160,93,78.5
160,94,42.6
160,95,78.7
160,98,56.6
160,99,69.9
167,92,71.0
167,94,74.4
167,95,46.0
167,96,89.2
167,98,80.7
167,90,71.6
174,91,67.6
174,94,89.1
174,95,61.6
174,96,65.0
174,99,69.4
174,90,58.1
199,91,54.4
199,92,84.2
199,93,71.3
199,94,75.6
199,95,76.7
199,96,67.7
199,97,56.9
199,99,96.0
199,90,58.5
208,92,71.7
208,93,59.1
208,94,39.8
208,96,71.3
208,99,90.2
208,90,46.2
213,91,91.5
213,93,67.0
213,94,52.8
213,95,75.2
213,96,83.0
213,97,69.4
213,98,56.9
213,99,64.6
218,91,72.3
218,92,71.8
218,94,75.4
218,95,69.7
218,96,97.7
218,99,74.5
222,92,88.6
222,95,60.1
222,97,58.8
222,99,50.8
224,91,63.9
224,92,47.5
224,93,60.4
224,94,100.0
224,96,72.9
224,97,59.3
224,99,76.0
224,90,70.8
231,91,66.4
231,92,68.9
231,93,67.5
231,94,73.9
231,95,90.0
231,96,68.2
231,98,78.3
231,90,64.1
236,91,69.6
236,92,95.1
236,93,58.6
236,94,66.5
236,95,40.2
236,97,79.2
236,98,88.8
236,99,63.2
257,92,84.1
257,93,64.6
257,95,70.8
257,96,76.8
257,97,72.2
257,99,72.9
257,90,73.3
260,91,61.5
260,92,53.8
260,93,75.3
260,95,77.3
260,96,68.1
260,97,70.8
260,98,85.2
262,91,62.2
262,92,90.4
262,93,67.9
262,94,49.0
262,95,59.1
262,96,77.2
262,98,63.1
262,99,66.7
262,90,83.6
264,93,59.8
264,94,72.4
264,95,52.8
264,96,80.5
264,97,61.2
264,98,76.9
264,90,65.6
269,92,50.5
269,93,64.9
269,94,76.4
269,95,55.5
269,98,78.0
269,99,58.8
269,90,92.3
271,91,45.9
271,92,85.1
271,93,63.7
271,94,42.2
271,95,50.9
271,98,74.6
271,99,77.4
271,90,65.5
279,91,82.0
279,92,82.8
279,93,89.5
279,94,90.8
279,96,83.0
279,97,68.4
279,98,100.0
279,99,47.4
283,92,72.5
283,95,53.0
283,96,100.0
283,98,58.2
283,99,100.0
283,90,73.1
284,93,69.5
284,96,80.9
284,97,68.3
284,98,41.0
284,90,70.7
291,93,65.7
291,94,47.3
291,95,56.5
291,96,86.4
291,98,71.4
291,99,82.4
291,90,83.3
294,92,66.9
294,93,50.4
294,94,63.9
294,95,74.4
294,96,73.0
306,91,62.5
306,94,73.3
306,95,66.3
306,96,68.8
306,97,76.9
306,98,51.1
309,92,62.3
309,94,68.2
309,95,67.5
309,96,74.7
309,97,72.9
309,98,60.6
309,99,77.7
322,92,80.2
322,93,72.1
322,94,99.8
322,96,79.2
322,97,71.9
322,98,73.2
322,99,57.8
331,92,88.1
331,94,69.5
331,95,89.9
331,96,76.0
331,97,40.7
331,98,67.6
331,90,71.6
342,91,72.7
342,92,88.7
342,93,53.4
342,94,67.6
342,95,34.8
342,96,65.2
342,98,54.7
342,99,73.4
343,92,41.4
343,93,79.6
343,94,75.8
343,95,74.5
343,96,73.6
343,97,64.9
343,98,94.6
343,99,78.7
344,92,79.3
344,93,71.7
344,94,67.4
344,96,87.3
344,98,75.2
344,90,93.3
349,92,76.7
349,97,65.6
349,98,51.9
350,91,66.4
350,92,86.3
350,93,79.3
350,94,33.6
350,95,72.1
350,90,71.6
361,92,90.7
361,96,62.8
361,97,59.2
361,98,35.6
361,99,54.9
373,91,63.9
373,92,44.1
373,93,63.0
373,94,51.6
373,95,50.6
373,96,97.6
373,99,60.9
376,94,82.2
376,95,63.9
376,96,84.2
376,97,73.2
376,98,82.1
376,99,62.6
377,91,53.5
377,92,88.5
377,96,86.1
377,97,64.9
377,98,83.6
377,99,59.3
377,90,72.0
378,91,72.3
378,93,56.7
378,94,74.1
378,95,84.2
378,96,88.8
378,97,82.5
378,98,53.6
378,99,76.6
378,90,88.2
384,92,68.7
384,93,50.9
384,94,77.2
384,95,67.2
384,98,75.7
384,99,75.5
384,90,57.2
389,91,75.1
389,92,78.8
389,93,80.3
389,94,81.9
389,95,71.6
389,96,73.3
389,98,88.7
394,91,61.3
394,93,79.0
394,94,64.5
394,96,69.0
394,97,57.4
394,98,61.8
394,99,95.4
394,90,76.5
413,91,100.0
413,92,71.5
413,93,75.2
413,94,79.4
413,96,47.5
413,98,66.9
413,99,70.6
413,90,62.6
414,92,71.8
414,93,88.0
414,94,87.0
414,95,59.5
414,97,88.7
414,98,59.2
414,90,57.8
434,91,84.5
434,93,49.2
434,95,76.2
434,96,84.6
434,97,57.6
434,99,82.7
434,90,74.4
449,91,100.0
449,92,60.4
449,93,58.2
449,94,88.6
449,95,81.7
449,96,86.8
449,97,57.4
449,98,61.4
449,99,68.1
449,90,79.8
452,91,49.1
452,92,50.8
452,95,58.3
452,96,84.3
452,97,77.4
452,98,73.0
459,91,83.4
459,92,44.0
459,94,56.5
459,95,49.6
459,96,96.6
459,97,54.7
459,98,53.9
459,99,64.0
459,90,70.5
461,95,63.6
461,96,61.5
461,97,93.1
461,99,81.7
461,90,61.8
466,92,70.7
466,94,95.8
466,95,53.6
466,96,59.9
475,92,66.9
475,94,52.0
475,95,79.8
475,96,87.2
475,97,87.4
475,98,85.3
475,99,81.4
475,90,58.9
477,92,72.4
477,94,67.5
477,97,63.1
477,90,79.9
478,92,79.0
478,93,53.3
478,94,89.5
478,95,88.8
478,97,99.0
478,98,90.6
478,99,85.2
478,90,93.5
479,91,64.4
479,93,66.6
479,94,59.4
479,97,90.2
479,99,44.4
492,93,80.4
492,95,48.8
492,96,76.1
492,97,79.7
492,98,65.7
492,90,91.3
497,91,79.0
497,92,75.0
497,93,75.9
497,96,79.6
497,97,65.3
497,99,68.8
497,90,79.5
502,91,64.4
502,92,69.5
502,93,52.1
502,94,74.9
502,97,81.4
502,99,67.2
516,91,83.4
516,93,77.6
516,94,67.0
516,95,83.1
516,96,50.8
516,97,79.8
516,98,84.5
528,91,76.5
528,92,89.8
528,94,64.9
528,95,67.4
528,96,84.1
528,97,64.8
528,98,43.7
528,90,57.5
537,91,92.9
537,93,59.6
537,94,87.0
537,96,55.7
537,97,59.2
537,98,60.6
537,99,83.3
539,91,68.4
539,92,77.6
539,93,55.5
539,94,56.3
539,95,52.0
539,98,71.9
539,99,48.6
539,90,67.5
543,91,100.0
543,94,64.2
543,98,54.2
543,99,87.2
543,90,69.7
547,91,81.0
547,92,60.5
547,93,66.2
547,95,75.8
547,96,68.1
547,98,76.4
547,90,77.2
552,93,80.1
552,94,73.8
552,95,75.7
552,96,62.3
552,98,86.8
552,99,57.7
559,93,40.8
559,95,86.9
559,97,87.3
559,90,39.4
575,91,92.8
575,93,59.9
575,94,100.0
575,95,32.3
575,96,86.0
575,97,46.3
576,91,62.8
576,92,91.5
576,93,53.5
576,95,58.6
576,97,81.4
576,98,83.6
576,99,61.2
577,91,61.0
577,92,73.8
577,93,61.9
577,94,73.0
577,95,82.4
577,96,69.8
577,97,76.5
577,99,61.5
577,90,100.0
578,93,68.2
578,97,89.3
578,98,65.3
578,90,85.2
593,91,69.3
593,92,85.6
593,93,49.3
593,97,91.7
593,98,63.4
593,99,85.0
593,90,72.7
596,91,55.5
596,92,89.1
596,94,65.2
596,95,67.4
596,96,60.0
596,97,53.6
596,99,82.5
606,91,63.1
606,92,71.2
606,93,66.8
606,94,47.3
606,98,82.3
606,90,92.3
614,92,60.9
614,93,45.6
614,94,68.5
614,95,72.8
614,96,44.8
614,97,59.0
614,98,80.0
614,90,100.0
623,91,56.5
623,92,64.6
623,95,76.8
623,96,58.3
623,97,75.4
623,98,39.1
623,99,56.8
623,90,100.0
625,91,62.8
625,92,71.8
625,94,48.3
625,95,79.5
625,97,66.5
625,99,80.3
625,90,91.0
629,91,60.8
629,92,73.1
629,93,43.7
629,94,55.3
629,95,72.7
629,96,83.6
629,97,70.5
629,98,75.6
629,99,95.6
629,90,45.1
644,93,75.4
644,94,78.1
644,95,57.9
644,96,60.5
644,97,73.9
644,98,59.6
644,99,47.8
644,90,54.7
645,92,58.6
645,93,47.8
645,94,83.3
645,95,69.4
645,96,85.3
645,97,55.6
645,90,59.2
650,91,89.5
650,93,96.4
650,94,65.0
650,95,51.1
650,97,74.6
650,99,83.8
650,90,79.2
658,91,84.7
658,92,38.5
658,94,99.6
658,95,51.3
658,96,67.9
658,97,65.8
658,98,100.0
658,99,68.9
658,90,83.5
702,91,66.5
702,92,86.8
702,93,79.5
702,94,82.1
702,95,72.0
702,96,76.7
702,97,95.5
702,99,75.1
702,90,36.4
705,91,35.5
705,92,66.2
705,94,82.2
705,95,73.4
705,96,43.9
705,97,80.9
705,98,64.2
705,90,62.7
720,92,60.3
720,94,81.7
720,95,70.8
720,97,72.7
720,98,47.4
720,99,66.4
723,91,74.8
723,92,84.7
723,93,70.5
723,94,77.2
723,95,60.0
723,96,84.4
723,98,68.4
723,99,54.7
723,90,74.7
731,91,70.3
731,92,89.2
731,93,88.8
731,95,80.9
731,96,63.0
731,98,100.0
731,90,90.1
732,92,81.9
732,93,53.6
732,95,64.1
732,97,47.9
732,98,65.1
732,99,77.4
732,90,83.8
734,91,66.4
734,92,76.5
734,93,56.8
734,95,83.0
734,96,72.1
734,98,72.2
734,99,36.5
734,90,53.0
739,91,54.7
739,92,78.5
739,93,74.2
739,94,95.0
739,95,83.5
739,96,88.5
739,99,100.0
739,90,80.0
744,92,74.1
744,93,73.5
744,95,75.8
744,97,57.0
744,99,75.0
744,90,45.1
747,91,69.2
747,92,52.8
747,93,48.9
747,94,84.4
747,95,80.9
747,96,77.8
747,98,79.0
747,99,73.2
747,90,71.2
757,91,58.0
757,92,88.4
757,96,72.4
757,97,76.6
757,98,66.9
757,99,91.9
757,90,88.8
758,91,75.4
758,92,67.7
758,93,73.4
758,94,56.3
758,95,87.6
758,97,80.2
758,98,61.9
758,99,92.3
758,90,56.8
761,91,74.6
761,94,72.9
761,95,46.2
761,96,72.2
761,97,69.9
761,98,95.2
761,90,77.6
766,91,74.3
766,92,42.1
766,93,68.7
766,94,66.7
766,95,75.6
766,96,68.6
766,99,45.3
766,90,100.0
784,91,57.6
784,92,82.3
784,94,95.1
784,96,90.5
784,99,80.1
784,90,57.5
785,91,49.5
785,92,88.2
785,93,69.9
785,94,95.0
785,95,78.8
785,97,85.9
785,99,66.3
785,90,64.2
793,91,99.2
793,92,93.5
793,93,66.6
793,94,67.7
793,96,64.9
793,98,64.4
793,99,100.0
810,93,50.6
810,95,28.3
810,96,70.8
810,97,75.2
810,99,72.0
829,91,81.7
829,92,64.1
829,93,68.1
829,94,71.0
829,95,100.0
829,98,86.6
829,99,70.1
838,93,47.0
838,94,58.6
838,95,80.4
838,98,62.2
838,99,81.8
838,90,94.5
848,92,53.0
848,93,60.1
848,95,58.5
848,96,64.5
848,97,76.1
848,98,74.2
848,99,77.3
848,90,80.6
855,91,74.1
855,92,91.3
855,93,57.9
855,94,58.7
855,95,75.1
855,96,99.4
855,97,95.4
855,98,66.8
855,99,45.4
855,90,82.0
863,91,68.9
863,95,65.0
863,96,39.9
863,97,50.9
863,98,80.2
863,99,69.6
863,90,64.7
866,91,86.8
866,92,59.0
866,93,71.0
866,94,71.6
866,95,75.4
866,96,71.7
866,97,76.8
866,98,77.9
870,92,64.4
870,93,63.6
870,96,61.5
870,90,72.6
883,92,52.9
883,94,83.4
883,95,47.8
883,96,85.9
883,97,74.9
883,99,83.5
884,91,54.2
884,92,76.9
884,93,71.9
884,94,43.5
884,95,73.2
884,97,70.5
884,98,68.7
884,99,90.1
884,90,49.5
930,91,91.3
930,93,75.7
930,94,67.4
930,95,75.5
930,97,58.1
930,98,49.9
930,99,55.9
930,90,63.4
939,92,60.8
939,93,86.2
939,94,61.4
939,98,51.2
939,99,47.7
939,90,68.3
944,92,71.0
944,93,77.0
944,95,63.1
944,98,78.8
944,99,70.8
974,91,84.8
974,92,74.9
974,93,71.4
974,95,51.3
974,99,44.8
974,90,84.8
999,92,55.5
999,93,53.2
999,94,51.0
999,96,61.3
999,97,41.3
999,98,67.0
999,99,78.1
10,111,62.3
10,112,83.2
10,113,50.2
10,117,65.5
10,118,62.3
10,110,38.1
12,114,95.3
12,116,77.5
12,118,58.8
12,119,84.2
20,112,61.0
20,113,73.3
20,114,64.0
20,115,58.9
20,118,53.7
20,110,94.9
22,111,57.8
22,112,75.5
22,113,81.9
22,114,71.9
22,115,73.7
22,116,81.3
22,118,99.4
22,110,88.8
31,112,76.3
31,113,72.1
31,114,48.9
31,115,70.5
31,117,65.2
31,118,59.7
47,111,71.9
47,114,68.4
47,116,67.9
47,117,75.1
47,118,72.9
47,119,76.8
47,110,51.8
50,111,79.6
50,112,65.6
50,113,53.7
50,115,41.1
50,116,66.9
50,117,77.8
50,118,45.8
50,119,73.7
50,110,71.4
69,111,61.6
69,112,83.9
69,114,49.5
69,117,83.0
69,118,68.2
69,119,68.9
69,110,72.4
90,111,85.0
90,113,47.3
90,114,73.7
90,116,62.4
90,117,33.4
90,118,62.1
90,110,69.8
92,111,53.9
92,112,80.6
92,113,72.5
92,114,80.7
92,116,61.9
92,117,67.8
92,118,82.9
92,119,52.1
92,110,59.3
99,112,45.0
99,113,43.7
99,114,73.5
99,116,69.5
99,117,57.3
99,118,74.5
99,119,85.3
99,110,59.5
101,111,70.3
101,113,71.9
101,114,50.4
101,116,56.0
101,117,100.0
101,118,70.4
101,110,56.1
104,111,75.3
104,112,44.3
104,113,65.0
104,114,54.4
104,116,89.9
104,117,60.3
104,119,70.4
109,111,56.1
109,114,47.7
109,115,73.0
109,116,73.2
109,117,75.5
109,119,47.1
109,110,76.8
126,112,47.9
126,113,78.0
126,116,77.6
126,119,62.6
126,110,75.2
131,111,88.7
131,112,98.7
131,113,80.3
131,114,64.0
131,116,74.1
131,117,84.5
131,119,94.2
132,111,97.1
132,112,85.4
132,114,67.4
132,115,77.2
132,116,84.3
132,118,60.1
132,119,62.9
132,110,81.1
152,112,93.2
152,115,69.1
152,117,82.8
152,118,85.3
152,119,82.7
152,110,60.5
154,111,46.4
154,112,57.2
154,114,64.1
154,116,60.8
154,117,72.7
156,111,65.4
156,112,95.6
156,113,66.1
156,115,76.0
156,117,71.8
156,118,43.8
156,119,81.4
176,111,55.1
176,112,79.0
176,113,91.5
176,114,88.5
176,115,95.5
176,116,88.4
176,118,62.2
176,110,86.7
177,111,85.0
177,112,87.7
177,113,64.3
177,114,87.9
177,115,83.1
177,118,79.5
177,119,73.6
177,110,98.4
181,111,64.6
181,113,66.0
181,114,87.1
181,115,93.9
181,116,61.4
181,117,58.0
181,118,56.4
181,119,48.7
181,110,64.7
185,111,50.6
185,112,88.5
185,113,63.7
185,116,58.2
185,117,48.2
185,119,71.4
188,111,52.2
188,113,60.8
188,114,68.9
188,117,53.3
188,119,75.2
189,112,73.5
189,113,67.1
189,115,98.8
189,117,72.0
189,118,66.8
189,119,59.1
200,111,83.1
200,112,33.0
200,113,32.5
200,114,81.8
200,116,67.2
200,119,91.4
200,110,55.7
201,111,56.9
201,112,74.1
201,113,63.3
201,115,94.1
201,117,51.5
201,118,59.9
201,119,79.3
201,110,65.8
210,111,97.9
210,112,70.9
210,113,78.8
210,115,57.0
210,116,100.0
210,117,62.9
210,119,77.6
245,112,64.5
245,113,89.8
245,114,82.7
245,115,72.7
245,116,76.0
245,117,93.2
245,118,61.5
245,119,78.2
245,110,84.7
249,111,77.1
249,112,63.2
249,113,85.2
249,114,78.9
249,115,60.9
249,116,51.2
249,117,74.0
249,119,94.3
249,110,40.4
272,111,84.9
272,113,80.2
272,114,70.8
272,116,75.8
272,118,80.6
275,112,92.9
275,114,56.0
275,116,68.4
275,117,78.4
275,119,65.9
276,112,62.4
276,114,60.7
276,115,60.4
276,116,77.6
276,119,100.0
276,110,45.0
277,111,65.8
277,112,82.3
277,113,61.5
277,114,65.8
277,116,69.2
277,117,97.9
277,118,63.7
277,110,55.2
278,111,72.9
278,112,68.2
278,114,100.0
278,115,48.5
278,116,40.6
278,110,67.5
295,111,75.2
295,112,59.1
295,113,97.9
295,116,81.8
295,117,85.2
295,118,44.3
295,110,96.9
300,111,66.0
300,113,96.4
300,114,73.8
300,115,64.9
300,116,71.8
300,117,54.6
300,118,66.1
300,119,39.9
300,110,68.3
317,112,92.4
317,113,67.3
317,115,55.8
317,116,63.0
317,117,100.0
317,110,62.1
332,112,45.3
332,113,76.5
332,114,70.2
332,116,49.0
332,117,74.4
332,118,86.7
332,119,74.5
332,110,96.1
337,112,87.4
337,114,63.6
337,115,74.5
337,116,57.8
337,117,77.5
337,118,45.7
337,119,60.3
338,111,58.0
338,115,38.7
338,117,67.0
338,118,100.0
338,110,82.8
354,112,78.4
354,114,59.4
354,115,89.4
354,116,59.4
354,117,56.9
354,119,74.8
363,111,57.4
363,112,57.8
363,113,82.9
363,115,56.5
363,117,65.4
363,118,71.4
363,119,24.8
363,110,70.3
383,111,82.3
383,113,75.6
383,114,33.2
383,115,76.4
383,117,52.1
383,118,62.6
383,119,67.1
383,110,64.9
404,112,50.4
404,115,78.1
404,116,67.9
404,117,71.6
404,118,76.1
404,119,61.9
404,110,47.1
433,111,78.7
433,112,65.2
433,114,61.0
433,115,100.0
433,116,79.2
433,117,62.9
433,118,76.3
433,119,81.0
433,110,55.1
442,111,61.3
442,112,53.8
442,113,63.1
442,114,46.8
442,115,99.3
442,116,51.0
442,118,100.0
442,119,70.2
442,110,99.2
445,111,36.6
445,114,63.6
445,115,68.6
445,116,63.1
445,117,56.2
445,118,76.1
445,119,73.5
463,111,80.4
463,113,64.1
463,114,100.0
463,116,66.7
463,117,62.8
463,118,58.2
463,119,45.2
468,111,81.9
468,112,63.1
468,113,82.0
468,114,79.0
468,115,74.6
468,119,63.7
470,111,71.4
470,113,83.0
470,114,86.6
470,115,65.1
470,116,73.2
470,117,69.4
474,112,72.7
474,115,60.8
474,116,71.2
474,118,57.3
474,119,69.8
474,110,88.2
476,111,54.2
476,112,68.4
476,117,73.3
476,118,86.8
476,110,60.1
493,111,87.7
493,112,69.3
493,113,75.9
493,117,82.4
493,118,73.2
493,119,82.1
493,110,70.5
499,111,85.8
499,114,82.7
499,115,72.0
499,116,74.3
499,118,59.0
499,119,73.4
499,110,60.3
501,117,31.9
501,119,51.2
507,111,58.5
507,113,85.1
507,114,37.2
507,117,83.4
507,118,70.9
507,119,60.3
509,111,56.7
509,112,47.2
509,113,49.9
509,114,85.3
509,115,71.6
509,116,76.1
509,117,99.5
509,118,82.6
509,119,82.2
517,111,81.8
517,112,82.0
517,113,70.6
517,114,63.5
517,115,81.8
517,116,76.1
517,117,85.0
517,119,76.3
527,112,96.8
527,113,55.0
527,114,58.1
527,115,87.3
527,116,72.2
527,118,50.5
527,119,61.6
527,110,65.7
531,113,100.0
531,114,79.2
531,116,43.1
531,117,49.9
531,119,100.0
531,110,61.6
535,112,74.1
535,113,89.6
535,115,57.7
535,116,81.7
535,118,82.2
535,119,59.3
535,110,71.9
540,112,58.7
540,114,59.7
540,116,81.2
540,118,53.3
540,119,71.7
542,111,50.5
542,112,66.8
542,113,76.7
542,114,96.9
542,115,70.2
542,116,63.9
542,117,83.2
542,119,64.5
542,110,55.0
564,111,57.8
564,113,61.0
564,115,62.7
564,116,75.5
564,119,77.0
564,110,60.1
567,112,96.0
567,113,84.5
567,114,80.3
567,115,19.8
567,116,81.0
567,117,78.0
567,118,63.4
567,110,61.0
590,112,52.4
590,113,87.9
590,114,79.7
590,115,53.5
590,116,66.7
590,117,74.9
592,111,77.4
592,112,85.6
592,113,60.9
592,114,71.7
592,115,65.8
592,117,73.9
592,118,62.3
592,119,100.0
592,110,58.5
602,111,50.7
602,114,33.8
602,115,37.1
602,116,64.5
602,117,62.3
602,118,51.8
603,111,84.7
603,113,84.0
603,114,53.0
603,116,54.8
603,118,46.9
603,119,85.9
608,111,98.2
608,112,68.2
608,113,36.2
608,114,65.7
608,116,68.8
608,117,60.7
608,118,72.7
608,119,60.2
610,111,50.9
610,112,46.6
610,113,63.3
610,114,71.6
610,116,87.5
610,117,79.4
610,118,74.3
611,111,62.2
611,112,31.7
611,113,81.3
611,115,79.9
611,116,88.0
611,117,78.1
611,118,85.5
611,110,81.4
621,111,43.5
621,112,65.8
621,113,50.9
621,115,52.8
621,117,46.8
621,119,90.3
621,110,80.8
627,111,47.7
627,112,65.3
627,113,77.5
627,114,59.1
627,115,34.4
627,116,49.3
627,117,65.2
627,119,56.7
627,110,80.0
628,111,56.6
628,112,75.1
628,113,51.4
628,114,90.0
628,116,55.2
628,117,58.3
628,118,59.3
628,110,76.0
640,111,96.1
640,113,78.1
640,114,79.0
640,115,63.7
640,118,66.7
640,110,85.9
652,112,81.4
652,113,76.5
652,116,53.7
652,118,78.7
652,119,43.1
652,110,52.8
670,111,50.8
670,112,95.3
670,113,43.3
670,114,100.0
670,115,85.0
670,117,55.2
670,118,58.2
671,111,63.1
671,112,65.5
671,113,91.7
671,116,57.1
671,117,88.5
671,110,76.7
673,112,76.8
673,114,84.0
673,115,93.0
673,117,70.3
673,118,82.4
673,119,57.6
673,110,66.1
696,111,66.0
696,113,62.1
696,114,63.8
696,115,90.8
696,116,71.8
696,117,75.8
696,118,55.5
696,110,49.6
699,111,75.2
699,113,81.1
699,114,69.1
699,115,78.3
699,116,100.0
699,118,64.2
699,119,58.6
699,110,55.4
700,111,82.1
700,112,88.9
700,113,65.6
700,114,52.7
700,115,51.8
700,116,67.6
700,117,57.0
700,118,83.9
700,119,57.4
700,110,74.6
706,111,60.8
706,114,63.8
706,115,56.8
706,116,52.1
706,118,45.2
706,119,94.4
706,110,55.1
721,111,69.7
721,112,54.0
721,113,73.6
721,114,75.2
721,116,37.6
721,117,56.9
721,118,78.0
721,119,26.2
721,110,74.5
722,112,63.2
722,114,40.9
722,115,85.4
722,116,55.5
722,117,63.8
722,118,78.4
722,110,59.2
724,111,50.7
724,113,81.6
724,118,54.5
724,119,95.4
724,110,88.8
737,111,100.0
737,113,66.7
737,114,65.9
737,115,73.9
737,116,77.6
737,117,61.2
737,118,61.2
737,119,44.7
742,111,66.4
742,113,65.2
742,114,55.4
742,115,63.7
742,116,45.8
742,117,53.8
742,118,78.6
742,110,66.3
751,111,63.3
751,113,65.9
751,114,77.6
751,115,79.6
751,116,74.3
751,117,96.7
751,118,70.1
751,110,40.8
756,111,70.1
756,113,86.4
756,114,51.5
756,115,44.8
756,116,71.9
756,119,93.7
756,110,59.0
759,111,95.8
759,113,84.3
759,114,72.5
759,115,85.0
759,116,57.5
759,118,73.0
759,119,72.4
764,111,79.8
764,112,44.0
764,114,100.0
764,116,100.0
764,117,54.5
764,118,60.5
764,119,71.2
764,110,81.7
774,112,50.8
774,113,83.3
774,114,78.6
774,116,74.5
774,117,65.2
774,110,68.8
794,111,61.1
794,112,86.0
794,113,82.9
794,114,83.9
794,116,83.1
794,117,52.8
794,119,85.6
794,110,83.9
796,112,75.9
796,113,90.7
796,114,56.4
796,115,79.8
796,117,75.3
796,119,35.3
796,110,98.5
798,111,68.9
798,112,51.7
798,113,62.3
798,115,76.1
798,117,75.0
798,118,69.9
798,119,79.8
798,110,73.2
808,111,58.0
808,115,52.0
808,116,64.2
808,110,43.4
814,111,72.8
814,112,66.0
814,113,54.6
814,114,79.8
814,115,67.7
814,116,47.9
814,117,65.0
814,118,41.2
814,119,66.4
814,110,65.7
827,113,99.3
827,114,42.8
827,115,57.1
827,116,87.9
827,117,54.8
827,118,60.7
827,110,81.1
861,111,74.3
861,112,64.3
861,113,43.7
861,116,39.4
861,117,69.3
861,110,87.8
862,111,72.1
862,113,65.3
862,114,89.5
862,115,87.8
862,116,77.9
862,117,63.2
862,118,53.8
862,119,80.3
862,110,60.8
871,111,72.8
871,113,73.3
871,114,96.9
871,116,51.8
871,117,72.8
871,118,67.0
873,111,76.0
873,112,76.8
873,113,69.7
873,115,60.8
873,116,24.9
873,117,45.2
873,118,48.6
873,119,93.0
873,110,66.9
879,111,68.5
879,112,72.1
879,113,60.1
879,114,74.1
879,116,81.5
879,118,87.9
879,119,74.7
879,110,43.2
880,111,53.4
880,116,87.9
880,117,77.0
880,119,50.6
880,110,55.3
885,112,58.2
885,113,75.5
885,116,70.0
885,117,95.3
885,118,76.4
889,111,62.8
889,114,100.0
889,115,64.8
889,116,57.3
889,117,53.3
889,119,82.8
889,110,93.1
895,111,74.7
895,112,54.0
895,115,100.0
895,117,70.4
895,118,60.4
895,119,60.1
895,110,77.5
902,112,90.2
902,113,72.9
902,114,56.1
902,116,45.5
911,111,82.3
911,113,51.8
911,115,73.6
911,116,70.6
911,117,98.3
911,118,70.4
911,119,43.1
911,110,85.0
917,111,51.8
917,112,60.0
917,113,55.7
917,114,72.5
917,115,74.0
917,116,63.0
917,117,63.8
917,118,42.4
917,119,47.8
917,110,51.4
932,111,79.7
932,112,66.2
932,113,69.5
932,114,68.1
932,115,33.3
932,116,96.5
932,118,73.2
932,119,65.2
932,110,58.4
941,112,62.7
941,113,99.7
941,114,71.7
941,116,56.7
941,117,90.6
941,119,81.1
947,113,84.5
947,114,84.8
947,115,86.6
947,116,91.9
947,117,67.2
947,118,70.2
947,119,80.2
947,110,78.4
956,111,67.0
956,112,56.7
956,113,54.8
956,114,93.7
956,116,90.5
956,117,64.0
956,118,61.3
956,119,67.3
960,111,61.3
960,112,54.4
960,113,91.4
960,115,75.8
960,116,55.8
960,117,76.1
960,118,67.6
960,119,82.8
960,110,47.3
972,111,83.1
972,112,57.0
972,113,79.6
972,114,77.4
972,115,85.4
972,116,75.9
972,118,91.1
972,119,89.1
972,110,41.7
976,113,59.2
976,116,67.8
976,118,62.1
976,119,61.4
976,110,83.7
979,111,54.5
979,113,57.9
979,114,62.4
979,115,43.8
979,117,58.1
979,119,70.6
979,110,85.9
991,111,44.8
991,112,48.9
991,113,60.9
991,114,71.5
991,116,79.1
991,117,62.1
991,119,54.0
991,110,64.1
995,112,64.1
995,113,86.2
995,116,34.9
995,117,70.8
995,118,69.3
995,119,100.0
995,110,76.0
997,111,78.0
997,113,80.1
997,114,77.0
997,115,73.9
997,116,90.8
997,117,54.7
997,118,35.4
997,110,43.4
16,71,69.1
16,72,43.7
16,73,74.5
16,74,59.6
16,76,62.2
16,77,63.9
16,78,79.9
16,70,77.5
17,71,70.4
17,72,49.3
17,73,58.6
17,75,77.2
17,79,85.6
17,70,53.6
19,73,34.0
19,75,66.2
19,76,48.5
19,77,51.7
19,78,76.5
19,70,58.5
21,71,80.5
21,73,28.7
21,74,40.2
21,75,72.8
21,76,65.3
21,77,100.0
21,78,56.4
21,70,56.2
32,71,59.6
32,73,43.0
32,74,86.9
32,75,66.6
32,76,52.9
32,79,76.8
32,70,76.9
40,73,64.6
40,74,54.9
40,75,38.1
40,76,56.9
40,77,46.0
40,78,72.1
40,79,83.3
40,70,48.3
46,72,76.2
46,73,73.1
46,76,42.7
46,79,74.4
57,75,75.8
57,76,54.8
57,77,61.0
57,79,80.5
57,70,80.6
61,71,78.0
61,73,77.9
61,74,63.3
61,75,64.5
61,76,63.8
61,79,77.7
61,70,71.6
63,71,60.0
63,73,96.8
63,74,70.3
63,77,55.6
63,78,41.7
63,79,47.7
63,70,56.3
66,72,77.0
66,74,57.6
66,75,63.0
66,77,57.2
66,78,74.0
66,79,49.2
66,70,76.9
70,71,81.9
70,72,72.1
70,73,79.6
70,74,90.4
70,75,71.0
70,77,52.3
70,79,81.8
71,72,43.1
71,75,83.4
71,78,58.1
71,79,65.4
71,70,50.4
80,71,95.1
80,72,80.8
80,73,86.1
80,77,82.4
80,78,56.7
81,71,100.0
81,73,70.5
81,74,75.7
81,75,84.9
81,76,82.8
81,77,79.9
81,78,53.1
81,79,58.7
83,71,64.5
83,72,57.8
83,75,49.5
83,77,86.5
83,79,50.7
83,70,81.2
94,71,93.5
94,72,88.9
94,73,75.4
94,75,55.7
94,76,70.1
94,77,61.9
94,78,84.0
102,72,71.1
102,73,52.2
102,75,85.0
102,76,73.6
102,77,95.4
102,78,68.6
102,79,44.6
102,70,94.0
103,72,65.2
103,73,96.6
103,74,80.4
103,75,77.1
103,76,79.1
103,77,56.7
103,78,96.3
103,79,84.9
121,71,86.0
121,73,71.2
121,74,79.7
121,75,65.7
121,77,64.2
121,78,81.6
121,79,94.3
121,70,73.0
145,72,55.4
145,73,61.1
145,77,100.0
145,78,69.3
145,79,82.5
151,71,81.8
151,73,72.9
151,76,75.5
151,77,54.1
151,79,26.9
151,70,64.6
153,73,85.4
153,74,60.6
153,75,79.1
153,76,100.0
153,77,77.4
153,78,61.7
153,79,71.6
153,70,73.8
162,72,60.6
162,73,59.4
162,74,71.8
162,75,72.5
162,79,82.1
192,71,48.7
192,73,57.6
192,75,99.9
192,76,97.6
192,78,78.9
192,70,79.6
193,71,68.2
193,72,84.6
193,74,73.3
193,76,86.4
193,77,85.1
193,78,77.5
193,70,69.4
196,71,60.6
196,72,84.7
196,73,66.6
196,75,73.2
196,76,50.8
196,77,71.4
196,78,41.6
206,71,68.3
206,73,85.5
206,75,53.5
206,76,71.8
206,79,46.6
206,70,70.8
211,71,92.9
211,73,80.1
211,75,68.0
211,76,71.1
211,77,82.8
211,78,72.8
211,79,88.6
211,70,80.5
225,71,59.2
225,73,67.5
225,76,64.5
225,77,92.0
225,78,68.7
225,70,68.6
234,72,74.0
234,73,77.8
234,75,55.9
234,76,62.7
234,77,28.8
234,79,88.6
237,71,67.1
237,74,62.0
237,75,86.0
237,76,56.8
237,78,70.5
237,79,53.1
237,70,60.8
244,73,80.9
244,75,85.7
244,76,82.4
244,77,60.4
244,78,66.9
244,79,84.0
244,70,72.9
251,71,67.3
251,72,40.7
251,73,81.9
251,75,79.0
251,76,63.4
251,78,71.8
251,79,84.7
252,71,95.5
252,73,67.7
252,75,83.7
252,76,83.1
252,77,74.7
252,78,75.8
252,70,81.6
261,71,65.8
261,72,61.3
261,73,74.8
261,77,47.1
261,78,81.7
261,79,81.3
261,70,72.6
286,71,78.2
286,72,52.8
286,73,75.9
286,75,67.5
286,76,83.4
286,77,84.7
286,78,65.9
286,70,83.6
290,71,57.6
290,72,89.1
290,75,100.0
290,78,65.7
290,70,71.5
304,71,83.6
304,72,72.7
304,73,39.4
304,74,79.7
304,76,67.7
304,77,63.8
304,78,64.3
304,79,45.0
304,70,55.5
307,71,61.8
307,72,56.5
307,75,74.0
307,76,54.6
307,77,65.6
307,78,96.0
307,79,81.8
307,70,52.1
311,71,81.8
311,72,86.8
311,73,50.8
311,74,82.7
311,75,75.6
311,76,74.6
311,79,56.7
311,70,64.7
320,72,81.2
320,73,70.6
320,74,67.1
320,75,59.8
320,76,69.9
320,78,45.9
320,79,100.0
323,71,86.3
323,73,63.7
323,76,73.1
323,77,61.0
323,78,67.5
323,70,78.2
355,72,59.2
355,73,77.8
355,75,100.0
355,76,44.4
355,77,70.7
355,78,53.0
355,79,74.3
358,71,88.5
358,72,58.8
358,73,70.0
358,76,57.7
358,77,61.6
358,78,78.3
358,79,63.1
358,70,57.2
362,71,59.6
362,72,95.6
362,74,82.5
362,79,81.1
362,70,80.8
366,73,88.5
366,75,78.0
366,76,72.7
366,77,67.9
366,79,87.1
366,70,62.1
374,72,100.0
374,73,73.2
374,74,72.6
374,75,93.0
374,76,59.9
374,78,82.8
374,79,85.9
374,70,51.9
390,72,69.6
390,73,54.0
390,74,57.0
390,75,85.6
390,76,66.1
390,77,94.6
390,78,64.6
390,79,69.5
390,70,63.8
398,71,86.2
398,72,74.7
398,73,69.4
398,74,53.2
398,75,57.0
398,76,53.0
398,77,82.1
398,78,79.4
398,79,75.3
398,70,57.5
402,71,51.1
402,72,67.9
402,73,70.0
402,74,95.4
402,75,71.4
402,76,89.0
402,79,88.4
405,71,54.1
405,73,86.0
405,74,68.9
405,75,60.2
405,76,84.3
405,78,48.5
405,70,80.1
419,71,71.1
419,74,76.2
419,76,57.3
419,77,60.7
419,78,64.8
419,79,91.7
419,70,67.7
425,71,58.6
425,72,77.9
425,73,40.3
425,74,75.6
425,75,80.3
425,76,73.8
425,77,76.0
425,78,87.6
425,79,75.9
425,70,77.0
428,71,73.2
428,73,55.2
428,74,62.6
428,75,40.8
428,76,81.6
428,77,63.6
428,78,63.2
428,70,87.0
429,71,65.3
429,72,77.7
429,73,59.7
429,74,58.9
429,75,56.8
429,78,42.5
429,79,67.5
429,70,54.9
441,72,92.6
441,73,65.2
441,75,81.9
441,77,55.8
441,78,96.9
441,70,63.0
450,71,68.0
450,72,78.5
450,74,71.5
450,75,58.9
450,76,83.8
450,77,74.4
450,78,73.5
450,70,74.4
454,71,100.0
454,72,46.0
454,73,83.3
454,74,58.1
454,77,77.6
454,78,76.8
454,79,100.0
454,70,86.1
457,71,87.9
457,75,79.6
457,76,84.8
457,77,71.7
490,71,93.1
490,72,53.8
490,73,80.8
490,74,67.7
490,75,74.6
490,77,79.0
490,78,76.0
490,79,46.8
523,71,88.5
523,72,49.7
523,73,68.8
523,74,34.0
523,75,92.4
523,77,64.5
523,79,78.7
523,70,69.8
538,71,45.7
538,72,69.7
538,73,86.4
538,74,77.1
538,75,49.8
538,76,63.0
538,78,41.6
538,79,73.1
538,70,78.0
541,72,89.7
541,74,77.0
541,75,73.4
541,78,64.9
541,70,50.5
548,71,96.1
548,72,78.7
548,75,58.4
548,77,75.3
548,78,83.6
548,79,49.9
551,72,92.5
551,73,79.9
551,74,76.4
551,75,84.5
551,77,66.8
551,78,72.0
551,79,87.6
551,70,74.5
566,71,79.9
566,72,76.5
566,73,60.0
566,74,83.1
566,76,60.0
566,77,43.3
566,79,67.4
566,70,77.4
581,71,74.2
581,72,49.8
581,73,66.5
581,74,58.7
581,75,61.3
581,76,52.8
581,77,64.7
581,79,82.4
581,70,63.1
583,71,84.4
583,74,70.6
583,75,52.1
583,76,24.3
583,79,58.5
583,70,88.3
595,71,68.0
595,72,93.1
595,73,65.7
595,75,83.1
595,76,76.3
595,77,58.9
595,79,95.6
595,70,27.9
597,74,43.6
597,75,80.4
597,77,73.2
597,78,65.3
598,71,55.2
598,72,83.0
598,73,59.8
598,74,85.6
598,76,81.5
598,77,84.3
598,78,58.2
604,71,81.0
604,72,61.7
604,73,75.3
604,75,61.3
604,77,80.2
604,78,57.8
604,70,73.1
612,72,41.1
612,73,91.3
612,74,72.4
612,76,72.8
612,77,62.0
612,78,55.9
612,79,71.4
612,70,82.5
615,72,70.2
615,73,95.4
615,74,45.2
615,75,61.5
615,77,68.9
615,78,71.7
632,71,61.3
632,73,62.9
632,77,61.0
632,78,70.0
642,72,64.4
642,73,64.9
642,74,85.9
642,75,70.5
642,76,49.7
642,70,100.0
648,73,60.8
648,75,70.2
648,76,68.8
648,78,63.4
648,79,71.4
648,70,97.1
654,71,71.2
654,72,69.8
654,73,74.8
654,74,65.1
654,75,60.2
654,77,61.8
654,70,78.6
655,71,96.9
655,72,79.0
655,74,66.3
655,75,51.3
655,76,43.3
655,77,35.8
655,78,56.4
659,71,59.4
659,72,44.1
659,73,56.0
659,76,50.0
659,77,91.9
659,70,57.5
664,72,88.5
664,73,51.6
664,74,72.1
664,75,56.5
664,76,65.8
664,79,87.7
665,71,81.0
665,72,77.6
665,74,66.9
665,75,63.8
665,76,84.8
665,79,69.3
665,70,81.0
667,71,99.6
667,74,51.9
667,76,76.1
667,77,74.0
667,78,77.2
667,70,48.6
674,71,82.7
674,74,57.8
674,76,80.3
674,77,75.2
674,78,73.2
674,70,86.5
678,71,58.6
678,74,75.4
678,76,93.9
678,77,61.1
678,78,77.4
678,79,54.3
681,71,72.2
681,72,76.3
681,73,65.4
681,74,67.3
681,76,60.3
681,78,68.1
681,79,74.1
684,71,52.1
684,74,69.1
684,75,76.9
684,76,78.0
684,77,73.0
684,78,63.2
684,79,53.3
686,71,86.6
686,72,74.8
686,73,63.2
686,74,94.2
686,76,96.9
686,77,71.6
686,78,46.1
686,79,83.7
686,70,75.6
697,71,59.1
697,72,95.4
697,73,89.1
697,74,82.7
697,75,65.8
697,76,54.2
697,77,100.0
697,78,67.2
697,79,70.1
697,70,61.3
698,71,65.3
698,72,90.1
698,74,43.8
698,76,87.8
698,77,78.3
698,79,54.2
698,70,88.8
710,71,88.0
710,74,50.1
710,75,62.2
710,77,100.0
710,78,66.6
710,70,82.2
711,71,80.4
711,72,69.7
711,73,45.7
711,74,79.5
711,76,62.5
711,77,63.4
711,78,86.4
711,79,69.6
712,71,86.0
712,72,79.6
712,73,78.5
712,74,74.1
712,75,67.3
712,77,74.4
712,70,81.9
714,71,74.8
714,72,88.1
714,73,56.1
714,74,71.4
714,75,56.1
714,76,47.6
714,77,92.5
714,78,77.1
714,70,78.1
763,71,74.5
763,72,72.8
763,73,79.1
763,74,86.6
763,76,62.9
763,77,66.4
763,78,65.0
763,70,69.8
767,72,53.0
767,74,62.2
767,75,53.7
767,76,57.2
767,78,73.1
767,79,63.9
767,70,24.1
768,73,60.2
768,74,49.8
768,76,100.0
768,77,86.4
768,78,75.6
772,71,87.4
772,74,83.5
772,75,90.7
772,76,99.0
772,77,85.4
772,70,91.7
805,71,65.9
805,72,77.8
805,78,33.8
805,70,77.5
816,71,71.6
816,74,71.6
816,75,90.0
816,77,81.0
816,78,72.6
816,79,53.3
816,70,41.1
826,71,65.7
826,72,77.1
826,73,100.0
826,75,99.1
826,76,93.2
826,77,64.3
826,78,69.6
826,70,77.3
830,71,100.0
830,72,41.4
830,73,64.1
830,74,94.1
830,76,67.1
830,77,62.0
830,78,56.7
830,79,45.1
832,72,70.4
832,73,72.1
832,74,73.6
832,78,83.9
832,79,52.7
832,70,76.1
849,71,63.2
849,72,84.7
849,73,67.1
849,75,78.8
849,76,35.3
849,77,70.5
849,78,59.9
849,79,80.0
849,70,51.0
864,71,53.6
864,73,65.6
864,74,86.3
864,70,79.9
876,72,97.8
876,73,73.9
876,75,55.6
876,76,84.4
876,77,100.0
876,79,49.8
877,71,73.8
877,72,81.6
877,74,89.0
877,75,100.0
877,76,74.4
877,77,85.7
877,79,68.9
877,70,56.7
900,71,86.1
900,72,71.3
900,73,71.2
900,74,56.4
900,76,85.5
900,77,37.4
900,78,55.7
906,71,55.1
906,72,68.8
906,76,64.6
906,77,74.8
906,78,57.8
912,72,59.2
912,75,67.4
912,79,52.1
913,71,68.6
913,73,54.8
913,74,51.1
913,75,82.9
913,76,85.3
913,77,56.1
913,78,64.9
924,71,63.9
924,72,86.5
924,73,61.1
924,70,80.1
938,72,77.7
938,73,59.6
938,74,74.2
938,75,60.8
938,76,36.7
938,77,78.6
938,78,48.9
938,79,83.8
938,70,94.5
942,71,69.2
942,72,51.9
942,73,74.3
942,77,49.3
942,78,69.7
942,79,70.4
942,70,60.4
948,71,96.5
948,73,74.6
948,74,86.5
948,79,88.4
957,71,64.7
957,72,53.8
957,73,60.4
957,74,75.0
957,75,66.4
957,78,72.7
957,70,46.4
958,71,48.4
958,72,62.4
958,74,56.9
958,75,77.8
958,76,58.3
958,77,64.7
958,79,93.0
958,70,53.2
961,71,55.6
961,72,60.5
961,74,77.6
961,75,57.3
961,76,74.2
961,77,68.7
961,79,58.1
961,70,56.5
969,71,82.0
969,72,78.7
969,74,92.8
969,76,89.8
969,77,50.6
969,78,98.9
969,79,68.7
970,71,71.9
970,72,64.9
970,73,100.0
970,75,73.8
970,76,57.6
970,77,60.5
970,78,54.5
970,79,58.2
981,71,82.5
981,72,90.9
981,73,79.3
981,74,61.8
981,75,82.0
981,77,53.9
981,78,37.7
981,79,56.5
981,70,51.4
982,73,91.1
982,74,91.5
982,75,72.3
982,77,76.3
982,78,83.4
982,79,73.8
984,71,66.7
984,72,71.2
984,74,58.4
984,75,56.8
984,77,100.0
984,79,52.6
984,70,88.6
985,72,65.2
985,73,55.4
985,74,44.1
985,75,81.2
985,76,84.2
985,77,65.1
985,78,68.4
736,87,48.9
585,150,72.6
284,97,64.2
257,95,67.9
916,267,51.8
613,84,87.3
265,137,69.0
490,77,64.2
608,116,100.0
726,266,70.4
608,113,76.0
191,261,69.9
91,268,35.9
291,90,72.7
628,113,79.1
678,76,69.0
432,155,44.0
913,75,76.8
918,261,89.1
960,119,70.6
538,72,54.3
866,98,65.0
72,261,64.1
366,76,43.4
533,262,74.0
192,78,61.6
597,78,35.0
52,132,60.5
783,262,63.9
398,74,49.3
336,137,61.3
857,265,55.3
667,76,85.1
642,76,38.4
294,93,79.5
672,85,84.5
529,139,82.7
197,158,46.1
818,158,76.2
77,131,70.0
533,263,67.7
767,70,71.8
769,268,87.6
806,134,77.2
624,81,62.9
547,92,77.0
50,115,30.3
524,82,66.4
893,131,50.0
471,265,82.7
1000,157,68.4
149,136,37.0
96,135,71.8
302,262,72.6
843,152,76.0
997,114,81.3
278,115,50.8
575,94,72.7
204,89,74.8
849,73,27.1
709,153,70.4
941,112,64.6
410,136,69.4
300,113,94.6
267,150,60.5
289,137,59.5
284,96,62.8
137,96,49.9
583,71,62.9
922,152,71.1
833,264,54.9
671,111,69.8
828,262,39.9
216,150,63.0
38,154,92.3
486,86,71.3
594,268,57.7
265,137,78.1
879,118,51.7
37,138,66.7
854,139,50.6
141,151,70.3
418,266,44.7
119,130,75.0
888,159,69.2
198,139,56.2
540,119,72.0
295,116,64.5
756,111,79.9
72,260,58.2
815,154,62.6
855,98,85.2
462,130,84.8
776,155,46.9
378,93,75.6
495,260,72.9
698,71,77.6
802,83,79.3
705,97,64.3
526,269,57.8
868,153,62.8
131,113,77.2
832,73,71.6
686,77,48.3
168,80,79.9
813,154,49.9
765,269,64.1
530,137,55.4
265,133,62.1
547,93,63.1
91,266,89.6
27,260,66.9
982,73,69.9
788,138,47.7
533,263,49.7
472,87,76.8
961,76,73.1
482,87,59.4
773,83,93.4
157,269,62.5
322,92,61.8
140,150,55.8
762,152,84.4
211,77,56.8
863,99,69.5
277,114,65.5
537,94,70.3
967,264,89.8
302,261,56.5
271,91,64.3
13,138,93.4
676,131,89.5
796,115,52.9
291,94,42.8
475,92,73.1
991,112,66.6
245,110,79.0
517,114,65.1
304,71,58.7
81,77,59.8
683,139,78.0
74,152,65.7
113,87,67.2
498,154,77.1
574,83,63.2
806,133,81.7
886,154,80.1
837,151,80.0
370,150,47.3
431,268,84.3
859,138,80.1
806,130,70.4
942,77,89.9
678,76,76.1
855,97,67.5
662,87,76.9
134,84,44.5
133,99,54.5
601,132,59.1
716,157,51.9
67,261,76.4
978,89,76.0
414,94,88.2
946,264,63.8
985,77,46.2
44,269,94.0
216,154,86.1
895,111,98.3
925,265,52.0
704,134,73.4
587,155,60.6
870,90,88.3
796,114,56.4
952,260,68.7
207,156,68.0
195,137,96.9
117,263,72.4
37,137,51.6
957,73,76.0
730,138,83.1
788,136,60.8
390,74,58.1
222,99,34.4
22,114,92.8
445,118,75.8
727,264,86.5
360,82,82.5
900,74,85.1
189,115,71.0
521,82,58.0
705,97,53.1
553,137,81.1
311,72,91.8
303,87,80.5
686,71,73.2
816,70,52.0
424,84,73.3
808,116,78.8
884,91,53.1
531,116,82.1
78,130,89.8
291,90,83.6
97,80,94.3
935,262,93.0
899,152,81.4
877,72,60.5
734,92,70.0
39,265,82.0
472,82,83.0
248,159,78.1
201,119,45.0
251,71,96.7
340,89,81.8
688,89,75.2
470,117,52.8
537,94,55.5
131,116,52.6
509,117,73.7
357,83,58.7
614,96,60.8
734,90,51.9
410,139,66.6
418,262,70.1
201,110,64.1
529,139,56.6
464,82,99.1
213,97,63.7
278,115,64.2
579,154,85.0
22,116,86.8
45,264,82.6
700,119,70.2
872,264,59.1
238,131,48.2
657,262,69.4
688,81,61.8
978,85,55.1
299,264,78.3
249,116,64.3
772,75,71.3
697,74,81.4
672,86,46.3
731,92,65.0
349,97,90.8
628,116,56.5
568,131,44.8
627,119,94.6
410,134,44.9
18,130,99.8
146,152,93.3
744,99,57.8
485,80,68.0
54,80,77.4
115,134,91.5
863,91,49.9
617,131,48.2
821,150,80.8
863,96,64.1
604,71,60.3
248,151,84.0
871,117,42.9
617,136,52.3
366,77,74.4
772,77,87.0
748,87,60.7
670,115,48.3
260,93,50.6
452,96,63.0
332,118,48.7
389,92,85.5
576,91,71.4
833,267,85.5
541,75,68.2
590,117,67.7
380,89,52.8
862,117,42.8
970,71,68.1
772,75,66.2
957,70,85.7
67,266,67.3
631,260,64.5
831,139,46.0
991,116,70.9
343,97,61.8
686,76,92.1
71,70,80.7
772,76,61.2
151,79,95.9
499,118,100.0
971,266,59.7
466,92,71.9
776,152,74.8
374,70,72.3
819,267,58.6
274,269,49.7
726,266,63.6
533,260,79.5
52,139,75.1
353,262,59.4
657,262,62.0
424,84,63.3
727,269,74.7
956,113,55.4
942,77,63.2
809,263,59.2
722,112,74.9
676,136,59.4
371,267,72.3
646,88,75.1
553,135,53.5
422,261,62.9
34,89,45.7
618,264,100.0
910,136,50.6
191,263,60.5
641,153,76.3
620,150,92.2
285,154,70.5
875,137,75.9
319,268,65.3
96,131,63.8
489,154,58.0
874,81,59.7
140,156,72.8
239,268,60.7
455,81,87.8
521,81,78.2
143,131,87.5
629,93,72.6
211,77,62.8
52,138,61.7
644,95,56.8
328,134,70.4
237,76,80.6
978,89,89.6
323,78,63.1
858,260,65.6
841,84,72.6
479,99,66.7
644,93,62.5
874,80,66.3
689,263,56.7
869,264,69.6
473,262,72.4
939,94,66.6
452,92,83.6
28,80,40.8
831,132,70.4
629,95,71.5
978,83,58.3
9,85,49.0
686,74,44.0
518,157,58.7
581,75,76.9
562,133,80.5
89,85,75.9
263,265,69.4
715,130,80.6
608,113,53.5
991,119,72.6
991,110,82.2
414,98,72.8
764,110,46.0
439,139,85.4
360,81,72.4
787,153,63.9
988,152,66.0
982,73,80.0
988,157,62.0
866,94,59.5
778,260,72.3
872,262,71.2
785,95,75.1
615,75,100.0
827,117,83.8
718,156,66.1
357,85,68.1
413,93,60.0
429,78,64.1
463,111,76.0
235,154,72.1
460,86,72.0
863,98,93.6
959,88,87.2
261,79,82.0
214,158,89.4
345,261,63.6
491,150,84.3
367,262,53.8
724,118,70.8
712,75,66.1
544,87,100.0
370,158,79.6
951,268,97.8
504,150,80.0
721,111,58.2
646,87,55.3
703,265,78.6
676,138,52.4
232,87,81.3
271,91,69.9
540,118,78.6
231,91,43.5
172,139,60.2
35,83,77.9
451,150,56.6
579,152,43.5
308,132,83.0
642,74,57.8
172,138,59.4
434,99,77.8
831,130,100.0
105,138,82.7
781,135,66.5
227,82,56.7
555,86,100.0
973,261,35.4
892,263,83.3
197,152,81.5
948,79,62.6
66,70,81.2
627,111,60.6
210,119,81.4
910,138,58.1
592,119,98.7
26,93,66.0
765,267,54.4
280,151,85.8
946,268,80.0
860,153,81.3
160,95,67.4
104,111,84.6
502,94,87.5
940,151,93.3
620,158,53.3
895,112,65.8
978,81,66.2
453,135,61.6
818,153,69.2
869,269,58.9
377,91,70.3
404,110,60.6
692,260,86.0
182,87,100.0
70,72,69.9
298,136,82.5
50,115,81.0
90,113,84.5
132,112,59.7
548,75,59.5
377,92,74.9
581,75,47.5
527,113,66.5
967,263,83.2
607,266,77.1
23,265,61.5
169,81,69.1
151,79,71.7
92,110,78.1
244,70,84.7
197,153,59.9
228,139,74.9
731,92,69.7
316,133,86.5
31,112,84.3
97,89,67.4
33,261,79.9
393,81,67.7
451,159,74.6
537,98,75.0
663,134,68.9
493,112,47.1
456,260,61.3
571,156,100.0
740,84,61.2
231,96,59.8
470,115,94.3
923,85,80.2
594,264,77.8
939,94,43.0
732,95,52.2
53,260,70.3
848,99,84.1
945,155,81.7
244,73,66.2
776,159,78.5
276,115,70.7
968,267,71.9
459,94,57.3
956,117,62.7
646,82,53.5
430,132,58.7
38,150,65.9
754,138,95.7
556,82,73.5
577,93,49.3
611,117,81.8
576,99,60.4
511,131,52.8
107,132,58.3
5,260,77.2
795,86,56.8
408,83,59.9
216,154,74.8
511,131,89.1
245,119,73.7
115,131,81.9
464,81,74.5
889,114,87.1
78,137,68.2
971,269,70.3
753,88,58.4
970,76,50.3
715,130,41.7
579,151,81.1
644,90,76.5
480,151,77.6
714,73,89.8
107,136,71.9
902,116,55.7
107,131,61.0
410,136,72.1
21,75,63.7
968,264,72.8
226,157,72.2
959,89,51.3
220,260,72.7
908,156,43.1
491,159,50.3
740,80,54.6
843,155,55.7
887,155,65.8
209,158,65.2
933,154,69.3
177,115,32.9
245,115,80.9
179,153,87.6
869,264,80.3
39,266,69.3
614,98,59.0
466,96,69.6
248,155,89.3
493,111,64.2
290,71,79.1
934,152,81.7
140,150,60.5
895,119,75.5
226,157,94.2
763,73,60.1
905,150,46.2
921,85,77.7
798,111,69.1
635,153,85.8
126,113,70.9
897,81,63.0
201,113,65.2
703,265,66.9
777,267,72.6
271,92,59.2
91,261,77.2
207,152,70.6
873,110,81.4
895,119,67.5
269,98,56.2
762,158,69.5
123,81,55.3
396,150,90.3
77,139,72.1
877,75,86.0
535,115,69.4
449,96,82.3
478,90,74.7
141,156,80.6
862,111,88.9
710,74,77.4
261,78,67.6
286,75,88.3
755,151,68.6
423,159,78.4
236,97,59.2
171,153,72.1
704,131,55.3
200,119,64.9
661,137,57.7
775,83,54.0
940,154,84.9
384,95,62.0
444,86,71.4
393,80,67.9
754,136,80.0
190,87,69.3
722,118,91.4
153,79,80.3
77,132,61.4
988,153,94.3
310,130,38.4
669,139,77.6
229,159,79.2
743,268,92.3
449,96,65.4
524,86,86.5
614,90,57.2
946,263,57.3
649,132,99.7
697,70,81.3
751,116,70.9
786,268,79.9
514,84,78.9
351,151,56.4
809,267,74.8
280,158,60.6
968,269,62.9
952,260,86.0
751,113,51.6
946,268,57.9
765,269,77.1
141,153,79.5
178,267,53.2
609,155,86.0
229,158,45.8
272,118,30.0
232,83,64.2
987,135,55.2
625,94,63.8
455,82,51.8
522,133,58.8
518,157,83.6
567,112,62.7
655,72,43.1
961,77,77.9
843,159,82.0
460,85,94.8
19,75,71.1
555,83,85.9
734,98,71.1
211,77,70.0
906,72,74.1
214,150,68.0
203,153,66.1
713,135,69.7
149,138,48.7
543,94,64.1
580,151,79.0
4,81,93.9
33,265,52.7
698,70,79.8
208,92,41.9
110,136,59.2
93,151,52.9
651,159,44.3
336,134,94.5
84,264,59.4
130,94,52.9
985,73,46.3
525,130,87.1
932,114,84.5
320,78,69.3
251,79,61.2
67,262,38.3
571,154,59.9
734,92,65.5
100,269,41.1
185,117,78.7
577,90,69.8
234,79,58.2
114,83,65.0
422,269,56.1
277,110,57.6
61,73,76.9
717,156,60.1
767,78,53.9
892,265,91.7
898,139,72.9
821,159,79.4
579,152,77.3
484,85,52.2
484,85,69.2
252,78,63.5
398,70,50.2
791,267,39.6
332,112,70.4
926,83,74.8
807,80,73.6
410,135,49.3
961,74,70.6
647,84,72.8
815,159,76.3
190,84,66.8
803,135,88.6
70,75,60.0
464,88,80.7
528,90,84.8
200,116,52.2
612,76,64.6
699,111,67.7
508,269,46.6
421,263,56.6
12,114,53.3
436,84,75.4
908,157,82.4
